AC No., AC ,PC,District,Percentage of total population,,,,,Literacy Rate,,,Assembly Election - 2012,,,,,,Assembly Segment of Parliamentary Election - 2014,,,,,
,,,,Hindu Range,Muslim Range,SC%,Rural Range,Urban Range,Person,Male,Female,1st Party,1st Party %age,2nd Party,2nd Party %age,3rd Party,3rd Party %age,1st Party,1st Party %age,2nd Party,2nd Party %age,3rd Party,3rd Party %age
1,Behat,Saharanpur,Saharanpur,45-50,45-50,19.36,90-95,5-10,60-65,70-75,55-60,BSP,31.78,INC,31.55,SP,21.42,INC,36.91,BJP,32.58,BSP,20.76
2,Nakur,Kairana,Saharanpur,60-65,35-40,24.16,85-90,10-15,65-70,75-80,60-65,BSP,38.65,INC,36.67,SP,12.79,BJP,43.85,SP,30.04,BSP,22.59
3,Saharanpur Nagar,Saharanpur,Saharanpur,55-60,35-40,14.89,0-5,95-100,75-80,80-85,70-75,BJP,38.80,INC,33.05,BSP,16.47,BJP,49.50,INC,40.68,BSP,5.59
4,Saharanpur,Saharanpur,Saharanpur,50-55,40-45,27.64,85-90,10-15,70-75,75-80,60-65,BSP,39.57,INC,31.17,SP,21.10,INC,37.20,BJP,30.10,BSP,26.20
5,Deoband,Saharanpur,Saharanpur,60-65,30-35,23.49,75-80,20-25,70-75,75-80,60-65,SP,34.05,BSP,32.50,INC,23.23,BJP,44.71,INC,28.85,BSP,19.81
6,Rampur Maniharan (SC),Saharanpur,Saharanpur,65-70,25-30,31.40,85-90,10-15,70-75,80-85,60-65,BSP,39.53,INC,25.92,SP,24.30,BJP,39.59,BSP,28.87,INC,25.65
7,Gangoh,Kairana,Saharanpur,60-65,35-40,18.70,75-80,20-25,65-70,75-80,55-60,INC,28.44,SP,26.68,BSP,17.95,BJP,49.74,SP,27.69,BSP,17.52
8,Kairana,Kairana,Muzaffarnagar,50-55,45-50,7.70,70-75,25-30,55-60,70-75,45-50,BJP,45.17,BSP,34.17,SP,11.96,BJP,48.37,SP,35.55,BSP,11.43
9,Thana Bhawan,Kairana,Muzaffarnagar,60-65,30-35,15.92,80-85,15-20,65-70,75-80,55-60,BJP,30.68,RLD,30.52,BSP,28.55,BJP,51.92,SP,28.82,BSP,11.33
10,Shamli,Kairana,Muzaffarnagar,65-70,30-35,10.03,55-60,40-45,70-75,80-85,60-65,INC,32.05,SP,29.83,BSP,27.09,BJP,60.48,SP,25.20,RLD,6.42
11,Budhana,Muzaffarnagar,Muzaffarnagar,55-60,40-45,9.56,80-85,15-20,65-70,75-80,50-55,SP,35.45,RLD,29.95,BSP,21.43,BJP,61.51,SP,24.34,BSP,11.26
12,Charthawal,Muzaffarnagar,Muzaffarnagar,55-60,35-40,15.84,95-100,0-5,65-70,75-80,55-60,BSP,31.02,BJP,23.65,SP,19.89,BJP,55.90,BSP,26.23,SP,14.46
13,Purqazi (SC),Bijnor,Muzaffarnagar,55-60,35-40,20.62,75-80,20-25,65-70,75-80,55-60,BSP,31.94,INC,26.62,SP,24.23,BJP,48.37,SP,30.10,BSP,18.21
14,Muzaffar Nagar,Muzaffarnagar,Muzaffarnagar,55-60,35-40,9.48,10-15,85-90,75-80,80-85,70-75,SP,34.96,BJP,26.09,BSP,18.63,BJP,59.65,BSP,29.40,SP,6.40
15,Khatauli,Muzaffarnagar,Muzaffarnagar,65-70,30-35,17.39,70-75,25-30,70-75,80-85,60-65,RLD,27.45,BSP,24.00,SP,23.12,BJP,60.89,BSP,20.00,SP,15.42
16,Meerapur,Bijnor,Muzaffarnagar,55-60,40-45,16.32,85-90,10-15,65-70,75-80,55-60,BSP,33.66,RLD,26.12,BJP,15.22,BJP,47.56,SP,32.66,BSP,15.02
17,Najibabad,Nagina (SC),Bijnor,45-50,45-50,22.20,70-75,25-30,65-70,70-75,55-60,BSP,33.54,BJP,27.35,RLD,16.52,SP,35.83,BJP,35.35,BSP,24.89
18,Nagina (SC),Nagina (SC),Bijnor,45-50,45-50,22.75,65-70,30-35,60-65,70-75,55-60,SP,46.04,BSP,31.49,BJP,12.61,BJP,33.98,SP,32.51,BSP,26.46
19,Barhapur,Moradabad,Bijnor,50-55,35-40,22.17,85-90,5-10,65-70,70-75,55-60,BSP,33.83,BJP,20.30,INC,19.32,BJP,44.23,BSP,26.26,SP,18.23
20,Dhampur,Nagina (SC),Bijnor,50-55,40-45,18.98,50-55,40-45,70-75,75-80,60-65,SP,33.12,BSP,32.77,INC,22.96,BJP,40.57,SP,28.56,BSP,26.28
21,Nehtaur (SC),Nagina (SC),Bijnor,60-65,35-40,25.03,80-85,15-20,70-75,80-85,60-65,BSP,31.26,SP,19.46,RLD,16.67,BJP,44.53,BSP,26.14,SP,24.55
22,Bijnor,Bijnor,Bijnor,60-65,35-40,22.83,65-70,30-35,65-70,75-80,60-65,BJP,32.94,BSP,24.42,RLD,22.67,BJP,40.83,SP,28.84,BSP,22.16
23,Chandpur,Bijnor,Bijnor,60-65,35-40,16.88,75-80,15-20,65-70,75-80,55-60,BSP,29.20,SP,21.22,BJP,19.63,BJP,45.79,BSP,26.44,SP,19.36
24,Noorpur,Nagina (SC),Bijnor,55-60,40-45,19.84,80-85,10-15,70-75,75-80,60-65,BJP,26.94,BSP,23.84,SP,19.71,BJP,41.56,BSP,26.69,SP,23.87
25,Kanth,Moradabad,Moradabad,45-50,45-50,15.84,80-85,15-20,60-65,70-75,50-55,PECP,18.48,BSP,17.72,SP,15.29,BJP,39.90,SP,35.79,BSP,16.09
26,Thakurdwara,Moradabad,Moradabad,45-50,45-50,13.33,90-95,5-10,65-70,75-80,50-55,BJP,38.39,MD,21.14,INC,21.12,SP,41.21,BJP,41.01,BSP,11.89
27,Moradabad Rural,Moradabad,Moradabad,35-40,60-65,9.73,30-35,60-65,60-65,65-70,55-60,SP,39.98,BJP,27.39,INC,13.25,SP,46.13,BJP,37.65,BSP,9.21
28,Moradabad Nagar,Moradabad,Moradabad,50-55,45-50,12.29,0-5,95-100,65-70,70-75,60-65,SP,42.18,BJP,32.52,BSP,15.63,BJP,50.95,SP,35.29,BSP,8.50
29,Kundarki,Sambhal,Moradabad,40-45,55-60,12.42,90-95,5-10,45-50,55-60,35-40,SP,37.03,BJP,29.20,INC,14.77,SP,38.45,BJP,28.61,BSP,26.32
30,Bilari,Sambhal,Moradabad,65-70,30-35,21.85,85-90,10-15,45-50,60-65,35-40,SP,29.45,BSP,28.63,BJP,8.85,BJP,37.28,SP,31.45,BSP,22.25
31,Chandausi (SC),Sambhal,Moradabad,70-75,20-25,22.92,65-70,30-35,50-55,60-65,40-45,SP,29.11,BJP,27.03,BSP,26.85,BJP,49.39,BSP,22.08,SP,20.37
32,Asmoli,Sambhal,Moradabad,60-65,30-35,18.02,95-100,0-5,50-55,60-65,35-40,SP,35.36,BSP,22.73,BJP,13.78,SP,32.22,BJP,30.94,BSP,24.36
33,Sambhal,Sambhal,Moradabad,35-40,60-65,12.60,50-55,45-50,45-50,50-55,40-45,SP,40.70,BJP,25.38,BSP,23.56,SP,44.66,BJP,25.54,BSP,24.24
34,Suar,Rampur,Rampur,30-35,60-65,11.56,75-80,20-25,50-55,60-65,40-45,INC,33.26,BJP,25.04,SP,22.68,SP,36.20,BJP,30.61,INC,23.32
35,Chamraua,Rampur,Rampur,30-35,55-60,8.94,95-100,0-5,45-50,55-60,35-40,BSP,22.42,SP,21.30,INC,17.02,SP,41.60,BJP,29.27,INC,19.79
36,Bilaspur,Rampur,Rampur,50-55,35-40,15.76,80-85,10-15,55-60,60-65,45-50,INC,27.20,SP,21.96,BSP,18.66,BJP,45.24,SP,28.97,INC,13.09
37,Rampur,Rampur,Rampur,35-40,60-65,6.15,25-30,70-75,55-60,60-65,50-55,SP,55.31,INC,18.77,BSP,9.57,SP,45.19,BJP,33.04,INC,16.73
38,Milak (SC),Rampur,Rampur,65-70,30-35,22.52,85-90,10-15,50-55,60-65,40-45,SP,31.54,INC,20.34,BSP,19.41,BJP,46.81,SP,25.40,BSP,14.36
39,Dhanaura (SC),Amroha,Jyotiba Phule Nagar,65-70,30-35,21.22,70-75,20-25,65-70,75-80,55-60,SP,28.38,BSP,24.48,RLD,15.65,BJP,52.78,SP,26.95,BSP,17.19
40,Naugawan Sadat,Amroha,Jyotiba Phule Nagar,60-65,35-40,16.90,90-95,5-10,65-70,75-80,55-60,SP,27.47,BSP,25.66,RLD,18.12,BJP,49.93,SP,34.28,BSP,12.94
41,Amroha,Amroha,Jyotiba Phule Nagar,35-40,60-65,12.48,45-50,50-55,60-65,70-75,50-55,SP,34.40,BJP,22.06,BSP,18.60,SP,54.69,BJP,32.19,BSP,10.13
42,Hasanpur,Amroha,Jyotiba Phule Nagar,65-70,30-35,17.99,80-85,15-20,55-60,65-70,40-45,SP,42.07,BSP,27.47,BJP,19.39,BJP,50.54,SP,33.68,BSP,12.97
43,Siwalkhas,Baghpat,Meerut,65-70,30-35,16.91,90-95,5-10,70-75,75-80,55-60,SP,31.28,RLD,29.37,BSP,23.52,BJP,33.97,SP,27.15,RLD,19.32
44,Sardhana,Muzaffarnagar,Meerut,70-75,25-30,19.65,70-75,20-25,70-75,80-85,55-60,BJP,29.09,RLD,23.38,SP,22.38,BJP,56.51,BSP,28.46,SP,11.03
45,Hastinapur (SC),Bijnor,Meerut,65-70,25-30,21.39,70-75,25-30,70-75,80-85,60-65,SP,25.31,PECP,21.71,INC,21.12,BJP,47.60,BSP,26.42,SP,21.60
46,Kithore,Meerut,Meerut,55-60,35-40,19.30,90-95,5-10,65-70,75-80,55-60,SP,36.30,BSP,30.78,RLD,17.30,BJP,42.62,BSP,28.32,SP,25.81
47,Meerut Cantt.,Meerut,Meerut,60-65,35-40,20.90,0-5,95-100,80-85,85-90,75-80,BJP,34.86,BSP,33.08,INC,21.98,BJP,64.99,BSP,18.80,INC,6.68
48,Meerut,Meerut,Meerut,60-65,35-40,7.62,0-5,95-100,70-75,75-80,65-70,BJP,38.04,SP,34.54,INC,17.80,BJP,42.75,SP,27.34,BSP,24.09
49,Meerut South,Meerut,Meerut,65-70,30-35,17.87,5-10,85-90,70-75,75-80,60-65,BJP,32.79,BSP,28.31,SP,22.49,BJP,42.44,BSP,33.26,SP,18.88
50,Chhaprauli,Baghpat,Baghpat,70-75,20-25,10.82,85-90,10-15,70-75,80-85,55-60,RLD,47.69,BSP,32.86,SP,9.69,BJP,38.57,RLD,31.23,SP,18.30
51,Baraut,Baghpat,Baghpat,70-75,20-25,11.53,70-75,20-25,70-75,80-85,60-65,BSP,39.12,RLD,35.24,SP,10.40,BJP,47.16,RLD,22.29,SP,18.13
52,Baghpat,Baghpat,Baghpat,70-75,25-30,11.98,70-75,25-30,70-75,80-85,60-65,BSP,34.54,RLD,29.90,SP,25.22,BJP,43.89,SP,26.44,RLD,13.93
53,Loni,Ghaziabad,Ghaziabad,65-70,30-35,13.57,15-20,80-85,70-75,80-85,60-65,BSP,41.52,RLD,29.82,BJP,22.39,BJP,48.68,INC,17.80,BSP,12.86
54,Muradnagar,Ghaziabad,Ghaziabad,80-85,15-20,13.19,20-25,75-80,80-85,85-90,75-80,BSP,26.43,SP,24.75,BJP,24.33,BJP,63.11,INC,14.87,BSP,11.98
55,Sahibabad,Ghaziabad,Ghaziabad,60-65,35-40,10.67,0-5,95-100,80-85,85-90,75-80,BSP,37.26,BJP,29.97,INC,15.34,BJP,62.44,INC,11.98,AAP,10.88
56,Gaziabad,Ghaziabad,Ghaziabad,90-95,5-10,21.45,0-5,95-100,80-85,85-90,75-80,BSP,35.57,BJP,28.88,INC,20.49,BJP,56.35,BSP,18.02,INC,15.85
57,Modi Nagar,Baghpat,Ghaziabad,75-80,15-20,19.05,45-50,50-55,75-80,85-90,65-70,RLD,33.08,BSP,25.21,SP,23.31,BJP,48.42,BSP,19.28,SP,15.89
58,Dholana,Ghaziabad,Ghaziabad,60-65,35-40,16.34,75-80,20-25,70-75,80-85,60-65,SP,29.24,BSP,24.62,BJP,18.15,BJP,46.72,SP,20.84,BSP,16.99
59,Hapur (SC),Meerut,Ghaziabad,65-70,30-35,26.87,40-45,50-55,70-75,80-85,60-65,INC,41.78,BSP,29.80,BJP,17.22,BJP,45.30,BSP,30.00,SP,18.50
60,Garhmukteshwar,Amroha,Ghaziabad,65-70,25-30,19.81,85-90,10-15,70-75,80-85,55-60,SP,43.31,BSP,33.79,RLD,16.98,BJP,53.31,SP,22.37,BSP,20.81
61,Noida,Gautam Buddh Nagar,Gautam Buddha Nagar,85-90,5-10,14.54,55-60,40-45,80-85,90-95,80-85,BJP,36.87,BSP,23.67,SP,20.06,BJP,64.86,SP,11.50,BSP,9.40
62,Dadri,Gautam Buddh Nagar,Gautam Buddha Nagar,80-85,15-20,14.40,55-60,40-45,75-80,85-90,65-70,BSP,40.68,BJP,21.98,INC,18.94,BJP,44.78,SP,34.14,BSP,15.75
63,Jewar,Gautam Buddh Nagar,Gautam Buddha Nagar,80-85,15-20,21.02,75-80,20-25,70-75,80-85,55-60,BSP,37.82,INC,32.50,SP,19.70,BJP,39.20,SP,35.38,BSP,21.21
64,Sikandrabad,Gautam Buddh Nagar,Bulandshahr,70-75,25-30,18.56,70-75,25-30,70-75,80-85,55-60,BJP,22.31,BSP,22.25,SP,21.20,BJP,44.90,SP,33.40,BSP,17.86
65,Bulandshahr,Bulandshahr (SC),Bulandshahr,60-65,30-35,17.24,50-55,40-45,70-75,80-85,60-65,BSP,37.18,BJP,33.81,RLD,10.32,BJP,54.86,BSP,18.73,SP,18.07
66,Syana,Bulandshahr (SC),Bulandshahr,80-85,15-20,17.90,80-85,15-20,65-70,80-85,55-60,INC,25.79,BSP,25.00,JaKP,20.33,BJP,64.41,BSP,15.15,RLD,12.10
67,Anupshahr,Bulandshahr (SC),Bulandshahr,75-80,20-25,19.95,75-80,20-25,65-70,75-80,50-55,BSP,26.53,SP,24.73,JaKP,21.17,BJP,56.93,BSP,18.95,SP,14.59
68,Debai,Bulandshahr (SC),Bulandshahr,85-90,5-10,18.28,85-90,10-15,65-70,75-80,50-55,SP,34.37,JaKP,32.40,BSP,20.83,BJP,66.70,BSP,14.12,SP,13.23
69,Shikarpur,Bulandshahr (SC),Bulandshahr,80-85,15-20,26.46,80-85,15-20,65-70,80-85,50-55,SP,34.98,BSP,30.43,RLD,24.58,BJP,56.90,BSP,23.58,SP,13.35
70,Khurja (SC),Gautam Buddh Nagar,Bulandshahr,75-80,20-25,27.36,65-70,25-30,65-70,80-85,55-60,INC,47.13,BSP,29.36,BJP,18.19,BJP,52.11,SP,22.53,BSP,20.59
71,Khair (SC),Aligarh,Aligarh,85-90,5-10,23.81,85-90,5-10,70-75,80-85,55-60,RLD,48.76,BSP,28.53,BJP,13.88,BJP,53.25,BSP,27.90,SP,9.51
72,Barauli,Aligarh,Aligarh,85-90,10-15,22.53,80-85,10-15,70-75,80-85,55-60,RLD,39.43,BSP,33.54,JaKP,14.97,BJP,52.61,BSP,29.25,SP,11.52
73,Atrauli,Aligarh,Aligarh,85-90,5-10,18.07,90-95,5-10,60-65,70-75,45-50,SP,26.63,JaKP,22.32,BSP,20.63,BJP,45.06,SP,24.36,BSP,19.28
74,Chharra,Hathras (SC),Aligarh,80-85,15-20,19.49,80-85,15-20,60-65,70-75,50-55,SP,27.96,BSP,25.49,JaKP,12.66,BJP,49.50,SP,22.51,BSP,19.94
75,Koil,Aligarh,Aligarh,65-70,30-35,16.37,30-35,65-70,70-75,75-80,60-65,SP,25.42,INC,25.08,BJP,19.69,BJP,44.06,SP,28.12,BSP,17.10
76,Aligarh,Aligarh,Aligarh,55-60,40-45,19.85,0-5,95-100,60-65,65-70,55-60,SP,36.95,BJP,24.46,BSP,14.83,BJP,46.12,SP,33.85,BSP,12.87
77,Iglas (SC),Hathras (SC),Aligarh,90-95,5-10,24.16,90-95,5-10,70-75,80-85,55-60,RLD,34.70,BSP,30.40,SP,17.53,BJP,58.54,BSP,20.78,SP,9.77
78,Hathras (SC),Hathras (SC),Mahamaya Nagar,85-90,10-15,28.25,60-65,35-40,70-75,80-85,60-65,BSP,28.88,BJP,24.65,INC,22.60,BJP,57.44,BSP,23.27,SP,12.49
79,Sadabad,Hathras (SC),Mahamaya Nagar,90-95,5-10,22.28,85-90,10-15,70-75,80-85,55-60,SP,33.84,BSP,31.09,RLD,27.21,BJP,48.84,BSP,18.75,RLD,15.41
80,Sikandra Rao,Hathras (SC),Mahamaya Nagar,85-90,10-15,23.62,85-90,10-15,65-70,75-80,50-55,BSP,45.81,SP,45.30,RLD,2.96,BJP,43.94,SP,27.13,BSP,20.74
81,Chhata,Mathura,Mathura,85-90,10-15,16.15,75-80,20-25,60-65,75-80,45-50,RLD,45.04,BSP,38.10,IND,5.64,BJP,60.60,RLD,14.36,BSP,13.77
82,Mant,Mathura,Mathura,90-95,5-10,21.53,95-100,0-5,65-70,80-85,50-55,RLD,43.11,AITC,35.16,BSP,15.97,BJP,41.99,RLD,34.80,BSP,15.75
83,Goverdhan,Mathura,Mathura,95-100,0-5,23.51,85-90,10-15,70-75,80-85,55-60,BSP,34.76,RLD,23.04,BJP,18.59,BJP,51.32,RLD,20.57,BSP,20.44
84,Mathura,Mathura,Mathura,85-90,10-15,14.63,10-15,85-90,75-80,80-85,65-70,INC,27.16,BJP,26.91,SP,26.44,BJP,67.03,RLD,15.24,BSP,10.88
85,Baldev (SC),Mathura,Mathura,90-95,0-5,24.74,85-90,10-15,70-75,80-85,55-60,RLD,41.53,BSP,24.74,BJP,23.74,BJP,43.74,RLD,29.35,BSP,20.52
86,Etmadpur,Agra (SC),Agra,85-90,5-10,22.48,60-65,35-40,70-75,80-85,60-65,BSP,33.90,SP,30.29,BJP,21.23,BJP,50.95,BSP,25.13,SP,19.07
87,Agra Cantt. (SC),Agra (SC),Agra,80-85,10-15,29.68,0-5,95-100,70-75,75-80,65-70,BSP,32.47,BJP,29.40,SP,21.89,BJP,52.51,BSP,32.51,SP,6.92
88,Agra South,Agra (SC),Agra,85-90,10-15,24.03,0-5,95-100,70-75,75-80,65-70,BJP,37.77,BSP,26.10,INC,20.31,BJP,54.85,BSP,33.42,SP,4.61
89,Agra North,Agra (SC),Agra,85-90,10-15,19.37,0-5,95-100,75-80,75-80,70-75,BJP,34.77,BSP,22.90,INC,19.45,BJP,64.84,BSP,22.89,SP,4.69
90,Agra Rural (SC),Fatehpur Sikri,Agra,90-95,5-10,26.93,75-80,20-25,70-75,80-85,55-60,BSP,34.84,SP,25.46,INC,19.34,BJP,50.19,BSP,28.82,SP,12.49
91,Fatehpur Sikri,Fatehpur Sikri,Agra,85-90,5-10,20.34,80-85,15-20,70-75,80-85,55-60,BSP,33.09,IND,30.32,RLD,16.91,BJP,51.15,BSP,24.00,SP,15.70
92,Kheragarh,Fatehpur Sikri,Agra,95-100,0-5,20.29,90-95,5-10,70-75,80-85,55-60,BSP,36.36,SP,32.65,RLD,15.91,BJP,38.84,BSP,27.84,SP,26.07
93,Fatehabad,Fatehpur Sikri,Agra,95-100,0-5,17.75,85-90,10-15,60-65,75-80,50-55,BSP,39.70,SP,39.32,BJP,11.13,BJP,46.91,SP,25.80,BSP,20.91
94,Bah,Fatehpur Sikri,Agra,95-100,0-5,21.86,90-95,5-10,70-75,80-85,55-60,SP,54.07,BSP,39.67,BJP,1.31,SP,34.78,BJP,29.29,BSP,29.26
95,Tundla (SC),Firozabad,Firozabad,90-95,5-10,26.98,85-90,10-15,70-75,80-85,60-65,BSP,32.79,SP,28.96,BJP,28.25,BJP,45.60,SP,32.06,BSP,19.26
96,Jasrana,Firozabad,Firozabad,90-95,5-10,16.53,95-100,0-5,70-75,80-85,55-60,SP,51.31,BSP,37.24,BJP,2.06,SP,55.34,BJP,35.41,BSP,6.96
97,Firozabad,Firozabad,Firozabad,55-60,40-45,14.44,0-5,95-100,65-70,70-75,55-60,BJP,33.67,SP,32.76,BSP,23.29,BJP,44.41,SP,42.39,BSP,10.09
98,Shikohabad,Firozabad,Firozabad,90-95,5-10,18.02,60-65,35-40,70-75,80-85,60-65,SP,51.96,BSP,28.80,BJP,6.16,SP,49.93,BJP,35.97,BSP,11.14
99,Sirsaganj,Firozabad,Firozabad,90-95,0-5,18.70,90-95,5-10,75-80,80-85,60-65,SP,46.01,BSP,24.48,IND,17.15,SP,63.01,BJP,28.43,BSP,6.13
100,Kasganj,Etah,Kanshiram Nagar,85-90,10-15,17.77,70-75,25-30,60-65,70-75,50-55,SP,25.41,BSP,20.08,JaKP,18.35,BJP,50.68,SP,29.98,BSP,14.89
101,Amanpur,Etah,Kanshiram Nagar,80-85,10-15,19.12,90-95,5-10,60-65,70-75,45-50,BSP,23.82,SP,21.53,JaKP,19.10,BJP,53.44,SP,24.17,BSP,17.21
102,Patiyali,Etah,Kanshiram Nagar,75-80,20-25,16.37,75-80,20-25,55-60,65-70,45-50,SP,35.44,BSP,19.69,MD,15.98,BJP,40.98,SP,40.68,BSP,14.05
103,Aliganj,Farrukhabad,Etah,85-90,5-10,14.26,85-90,10-15,70-75,80-85,55-60,SP,45.63,BSP,32.60,JaKP,12.28,SP,57.73,BJP,27.50,BSP,6.15
104,Etah,Etah,Etah,85-90,5-10,13.57,65-70,30-35,70-75,80-85,60-65,SP,24.02,BSP,22.04,BJP,20.09,BJP,53.64,SP,26.41,BSP,15.83
105,Marhara,Etah,Etah,90-95,5-10,16.28,90-95,0-5,65-70,80-85,55-60,SP,36.16,JaKP,23.14,BSP,17.74,BJP,58.36,SP,25.95,BSP,12.06
106,Jalesar (SC),Agra (SC),Etah,85-90,10-15,19.65,85-90,10-15,65-70,75-80,55-60,SP,36.97,BSP,21.91,INC,13.91,BJP,48.17,SP,31.28,BSP,16.55
107,Mainpuri,Mainpuri,Mainpuri,90-95,5-10,18.92,60-65,35-40,75-80,85-90,65-70,SP,32.94,BSP,24.43,INC,14.55,SP,51.12,BJP,26.28,BSP,19.17
108,Bhongaon,Mainpuri,Mainpuri,90-95,0-5,19.06,85-90,10-15,75-80,85-90,65-70,SP,40.78,BSP,22.99,INC,15.12,BJP,40.01,SP,39.41,BSP,16.70
109,Kishani (SC),Mainpuri,Mainpuri,95-100,0-5,21.50,90-95,5-10,75-80,80-85,65-70,SP,50.25,BSP,27.41,BJP,13.86,SP,55.76,BJP,23.90,BSP,17.27
110,Karhal,Mainpuri,Mainpuri,90-95,5-10,19.53,90-95,5-10,70-75,80-85,60-65,SP,46.90,BSP,31.22,BJP,6.65,SP,66.55,BJP,18.57,BSP,12.20
111,Gunnaur,Badaun,Budaun,85-90,10-15,12.45,90-95,5-10,45-50,55-60,30-35,SP,53.19,INC,30.08,BSP,9.57,SP,59.53,BJP,27.44,BSP,9.36
112,Bisauli (SC),Badaun,Budaun,75-80,15-20,21.01,85-90,10-15,50-55,60-65,40-45,SP,44.33,BSP,23.02,BJP,20.25,SP,45.76,BJP,35.12,BSP,15.07
113,Sahaswan,Badaun,Budaun,70-75,25-30,15.94,80-85,15-20,40-45,50-55,30-35,SP,33.01,BSP,29.83,RPD,25.45,SP,52.31,BJP,23.26,BSP,20.62
114,Bilsi,Badaun,Budaun,80-85,15-20,20.44,75-80,20-25,50-55,60-65,40-45,BSP,32.43,SP,27.74,MD,13.15,SP,39.59,BJP,36.39,BSP,19.64
115,Badaun,Badaun,Budaun,65-70,30-35,16.04,60-65,35-40,55-60,65-70,45-50,SP,32.44,BJP,24.47,BSP,23.06,SP,44.24,BJP,40.39,BSP,11.66
116,Shekhupur,Aonla,Budaun,70-75,25-30,17.40,85-90,5-10,50-55,60-65,40-45,SP,32.76,INC,28.82,BSP,24.85,BJP,32.93,SP,28.80,BSP,23.34
117,Dataganj,Aonla,Budaun,80-85,10-15,15.65,80-85,10-15,50-55,60-65,40-45,BSP,29.64,SP,27.16,INC,24.92,BJP,40.53,BSP,23.87,SP,22.89
118,Baheri,Pilibhit,Bareilly,50-55,40-45,14.47,80-85,15-20,55-60,65-70,45-50,SP,23.98,BJP,23.97,BSP,19.02,BJP,44.87,SP,29.29,BSP,21.11
119,Meerganj,Bareilly,Bareilly,65-70,30-35,12.46,80-85,15-20,50-55,60-65,35-40,BSP,31.23,BJP,26.93,SP,19.19,BJP,50.96,SP,25.91,BSP,14.91
120,Bhojipura,Bareilly,Bareilly,50-55,40-45,11.10,80-85,15-20,50-55,65-70,40-45,IEMC,32.55,SP,23.63,BJP,17.03,BJP,45.27,SP,33.36,BSP,12.98
121,Nawabganj,Bareilly,Bareilly,65-70,30-35,14.06,85-90,10-15,60-65,70-75,45-50,SP,35.58,BSP,26.17,PECP,20.39,BJP,49.68,SP,28.96,BSP,10.97
122,Faridpur (SC),Aonla,Bareilly,75-80,20-25,15.78,80-85,15-20,55-60,65-70,40-45,SP,35.09,BJP,25.41,BSP,20.91,BJP,45.09,SP,28.58,BSP,14.99
123,Bithari Chainpur,Aonla,Bareilly,65-70,30-35,12.82,75-80,20-25,55-60,65-70,45-50,BSP,26.87,SP,25.23,IEMC,14.34,BJP,45.21,SP,28.30,BSP,15.75
124,Bareilly,Bareilly,Bareilly,60-65,35-40,7.56,0-5,95-100,65-70,70-75,60-65,BJP,37.19,SP,22.60,IEMC,16.77,BJP,55.35,SP,24.24,INC,10.64
125,Bareilly Cantt.,Bareilly,Bareilly,55-60,35-40,9.06,0-5,95-100,70-75,75-80,65-70,BJP,33.71,SP,21.40,IEMC,15.82,BJP,54.30,SP,22.60,INC,15.48
126,Aonla,Aonla,Bareilly,70-75,20-25,15.69,80-85,15-20,50-55,60-65,35-40,BJP,30.85,SP,28.17,BSP,24.96,BJP,42.38,SP,28.02,BSP,16.95
127,Pilibhit,Pilibhit,Pilibhit,55-60,35-40,12.30,65-70,30-35,60-65,70-75,50-55,SP,27.37,BSP,25.48,BJP,21.23,BJP,54.83,SP,26.43,BSP,12.76
128,Barkhera,Pilibhit,Pilibhit,80-85,10-15,18.96,90-95,5-10,60-65,70-75,45-50,SP,35.27,BJP,19.80,BSP,15.19,BJP,62.36,SP,17.57,BSP,12.53
129,Puranpur (SC),Pilibhit,Pilibhit,60-65,25-30,17.55,90-95,5-10,55-60,65-70,45-50,SP,32.98,BJP,19.21,INC,16.42,BJP,48.20,SP,24.79,BSP,18.68
130,Bisalpur,Pilibhit,Pilibhit,80-85,15-20,17.10,80-85,15-20,60-65,70-75,50-55,BJP,49.71,INC,24.76,BSP,14.28,BJP,50.89,BSP,28.40,SP,15.21
131,Katra,Shahjahanpur (SC),Shahjahanpur,85-90,10-15,17.84,85-90,5-10,50-55,60-65,40-45,SP,27.51,BSP,27.04,INC,16.93,BJP,43.67,BSP,25.75,SP,24.11
132,Jalalabad,Shahjahanpur (SC),Shahjahanpur,85-90,10-15,12.61,85-90,5-10,55-60,60-65,40-45,BSP,37.97,SP,37.69,INC,14.90,BJP,39.47,BSP,30.80,SP,25.29
133,Tilhar,Shahjahanpur (SC),Shahjahanpur,75-80,20-25,17.90,85-90,10-15,55-60,65-70,45-50,BSP,36.28,SP,30.82,INC,18.93,BJP,43.80,BSP,25.75,SP,23.00
134,Powayan (SC),Shahjahanpur (SC),Shahjahanpur,80-85,5-10,25.80,90-95,5-10,60-65,70-75,50-55,SP,28.78,BSP,24.50,INC,24.30,BJP,51.55,BSP,21.24,SP,20.31
135,Shahjahanpur,Shahjahanpur (SC),Shahjahanpur,60-65,35-40,11.99,20-25,70-75,65-70,70-75,55-60,BJP,45.00,SP,36.08,BSP,11.00,BJP,51.78,BSP,23.78,SP,17.10
136,Dadraul,Shahjahanpur (SC),Shahjahanpur,85-90,10-15,19.74,90-95,0-5,55-60,65-70,45-50,SP,29.35,BSP,27.04,BJP,13.66,BJP,47.64,BSP,27.05,SP,19.59
137,Palia,Kheri,Kheri,70-75,15-20,26.85,90-95,5-10,55-60,65-70,45-50,BSP,27.29,SP,24.37,INC,11.56,BJP,36.93,BSP,29.49,INC,14.58
138,Nighasan,Kheri,Kheri,70-75,20-25,20.50,85-90,10-15,45-50,55-60,35-40,BJP,36.39,SP,21.33,BSP,17.37,BJP,41.27,BSP,20.60,INC,16.80
139,Gola Gokrannath,Kheri,Kheri,75-80,15-20,28.95,80-85,15-20,65-70,75-80,55-60,SP,37.04,BSP,28.35,INC,27.35,BSP,38.15,BJP,28.20,SP,17.88
140,Sri Nagar (SC),Kheri,Kheri,75-80,15-20,30.16,95-100,0-5,60-65,70-75,50-55,SP,37.46,BSP,20.35,IND,12.91,BJP,36.49,BSP,27.16,INC,18.18
141,Dhaurahra,Dhaurahra,Kheri,80-85,15-20,24.90,95-100,0-5,45-50,55-60,35-40,BSP,30.54,SP,30.04,INC,25.73,BJP,33.46,SP,26.83,INC,16.69
142,Lakhimpur,Kheri,Kheri,70-75,20-25,20.00,60-65,35-40,65-70,75-80,60-65,SP,38.65,BSP,20.90,PECP,19.67,BJP,42.61,INC,23.87,BSP,17.62
143,Kasta (SC),Dhaurahra,Kheri,80-85,10-15,32.29,95-100,0-5,65-70,75-80,55-60,SP,45.29,BSP,31.55,INC,8.57,BJP,36.42,BSP,22.37,INC,18.60
144,Mohammdi,Dhaurahra,Kheri,70-75,20-25,29.11,85-90,10-15,60-65,70-75,50-55,BSP,28.86,SP,23.19,BJP,14.52,BJP,34.64,SP,23.58,BSP,22.69
145,Maholi,Dhaurahra,Sitapur,85-90,10-15,32.17,95-100,0-5,65-70,75-80,55-60,SP,40.04,BSP,29.60,INC,13.36,BJP,32.54,BSP,24.67,SP,20.62
146,Sitapur,Sitapur,Sitapur,75-80,20-25,25.77,55-60,40-45,65-70,75-80,60-65,SP,29.68,BSP,24.44,BJP,22.36,BJP,41.35,BSP,30.91,SP,16.88
147,Hargaon (SC),Dhaurahra,Sitapur,80-85,15-20,37.31,95-100,0-5,55-60,65-70,45-50,BSP,38.36,SP,32.06,INC,20.21,BJP,33.12,BSP,25.25,SP,21.19
148,Laharpur,Sitapur,Sitapur,65-70,30-35,28.98,80-85,15-20,50-55,60-65,40-45,BSP,37.08,INC,27.96,SP,24.00,BSP,39.44,BJP,36.46,SP,17.26
149,Biswan,Sitapur,Sitapur,70-75,25-30,32.72,85-90,10-15,60-65,65-70,50-55,SP,38.19,BSP,34.42,INC,11.23,BSP,38.29,BJP,36.66,SP,17.75
150,Sevata,Sitapur,Sitapur,75-80,20-25,21.71,95-100,0-5,45-50,55-60,35-40,SP,28.08,INC,26.69,BSP,22.24,BJP,43.77,BSP,32.26,SP,14.36
151,Mahmoodabad,Sitapur,Sitapur,70-75,25-30,27.70,85-90,10-15,60-65,65-70,50-55,SP,46.59,BSP,36.05,INC,11.01,BJP,45.54,BSP,37.48,SP,9.35
152,Sidhauli (SC),Mohanlalganj (SC),Sitapur,85-90,10-15,40.33,90-95,0-5,60-65,70-75,50-55,SP,36.65,BSP,33.35,INC,15.30,BSP,35.28,BJP,28.90,SP,28.46
153,Misrikh (SC),Misrikh (SC),Sitapur,90-95,5-10,43.26,95-100,0-5,60-65,75-80,50-55,SP,32.76,BSP,31.94,INC,18.18,BSP,38.89,BJP,32.09,SP,22.12
154,Sawaijpur,Hardoi (SC),Hardoi,90-95,5-10,16.00,95-100,0-5,65-70,75-80,55-60,BSP,23.32,JaKP,21.17,BJP,17.86,BJP,48.23,SP,29.04,BSP,17.94
155,Shahabad,Hardoi (SC),Hardoi,75-80,20-25,28.37,80-85,15-20,60-65,70-75,50-55,SP,44.27,BSP,38.79,BJP,6.41,BJP,39.74,BSP,35.84,SP,16.84
156,Hardoi,Hardoi (SC),Hardoi,85-90,5-10,33.19,60-65,35-40,70-75,75-80,60-65,SP,54.60,BSP,32.93,INC,7.94,SP,36.98,BJP,34.02,BSP,24.54
157,Gopamau (SC),Hardoi (SC),Hardoi,80-85,15-20,36.28,85-90,5-10,60-65,70-75,50-55,SP,36.70,BSP,33.32,INC,17.08,BSP,34.79,BJP,33.94,SP,23.62
158,Sandi (SC),Hardoi (SC),Hardoi,90-95,5-10,41.77,90-95,0-5,60-65,75-80,50-55,SP,38.12,BSP,34.30,INC,15.67,SP,35.57,BSP,31.50,BJP,28.19
159,Bilgram-Mallanwan,Misrikh (SC),Hardoi,80-85,15-20,21.69,80-85,15-20,65-70,75-80,55-60,BSP,30.50,SP,27.05,PECP,25.50,BJP,50.24,BSP,24.86,SP,20.16
160,Balamau (SC),Misrikh (SC),Hardoi,85-90,10-15,47.36,90-95,0-5,60-65,70-75,45-50,SP,38.24,BSP,38.14,NCP,7.74,BSP,44.15,BJP,33.74,SP,16.54
161,Sandila,Misrikh (SC),Hardoi,80-85,15-20,26.68,85-90,10-15,55-60,65-70,45-50,SP,43.87,BSP,33.95,RLM,8.32,BJP,37.56,BSP,33.45,SP,19.14
162,Bangermau,Unnao,Unnao,80-85,15-20,26.91,80-85,10-15,60-65,70-75,50-55,SP,31.14,BSP,27.33,BJP,13.51,BJP,42.94,SP,19.12,BSP,17.86
163,Safipur (SC),Unnao,Unnao,85-90,10-15,36.23,90-95,5-10,60-65,70-75,50-55,SP,42.90,BSP,37.57,BJP,8.03,BJP,41.12,BSP,18.42,INC,17.68
164,Mohan (SC),Unnao,Unnao,90-95,5-10,38.97,90-95,5-10,60-65,70-75,50-55,BSP,25.98,BJP,21.02,SP,16.88,BJP,40.90,BSP,21.80,INC,17.20
165,Unnao,Unnao,Unnao,85-90,10-15,20.48,45-50,50-55,70-75,75-80,60-65,SP,33.85,BJP,28.28,BSP,26.55,BJP,51.84,SP,16.40,INC,13.99
166,Bhagwantnagar,Unnao,Unnao,90-95,0-5,29.76,90-95,5-10,70-75,80-85,60-65,SP,33.45,BJP,21.99,BSP,20.74,BJP,44.88,SP,17.18,BSP,16.30
167,Purwa,Unnao,Unnao,90-95,5-10,32.69,90-95,5-10,65-70,75-80,50-55,SP,40.94,BSP,27.51,INC,14.39,BJP,36.61,SP,22.19,INC,21.03
168,Malihabad (SC),Mohanlalganj (SC),Lucknow,80-85,15-20,39.22,90-95,5-10,65-70,70-75,55-60,SP,31.17,RCP,30.07,BSP,26.59,BJP,46.33,SP,24.12,BSP,22.46
169,Bakshi Kaa Talab,Mohanlalganj (SC),Lucknow,85-90,10-15,26.37,65-70,30-35,70-75,75-80,60-65,SP,36.76,BSP,35.88,INC,12.25,BJP,43.51,BSP,25.85,SP,20.31
170,Sarojini Nagar,Mohanlalganj (SC),Lucknow,85-90,10-15,26.74,40-45,55-60,75-80,85-90,70-75,SP,28.88,BSP,25.30,RSBP,17.68,BJP,49.74,BSP,22.17,SP,15.14
171,Lucknow West,Lucknow,Lucknow,60-65,35-40,8.35,0-5,95-100,75-80,80-85,70-75,SP,29.35,BJP,24.76,INC,21.28,BJP,48.68,INC,31.67,BSP,6.44
172,Lucknow North,Lucknow,Lucknow,65-70,30-35,8.10,0-5,95-100,75-80,80-85,75-80,SP,28.11,INC,26.80,BJP,26.73,BJP,54.99,INC,25.63,SP,6.74
173,Lucknow East,Lucknow,Lucknow,85-90,10-15,8.91,0-5,95-100,85-90,90-95,80-85,BJP,36.31,SP,25.31,INC,18.61,BJP,63.95,INC,19.53,BSP,6.33
174,Lucknow Central,Lucknow,Lucknow,60-65,35-40,9.04,0-5,95-100,80-85,80-85,75-80,SP,37.05,BJP,23.60,INC,21.08,BJP,46.95,INC,37.15,SP,5.49
175,Lucknow Cantt.,Lucknow,Lucknow,80-85,10-15,13.83,0-5,95-100,85-90,85-90,75-80,INC,38.95,BJP,25.51,BSP,17.82,BJP,55.26,INC,27.17,BSP,7.33
176,Mohanlalganj (SC),Mohanlalganj (SC),Lucknow,85-90,10-15,41.73,90-95,5-10,65-70,70-75,55-60,SP,33.48,BSP,22.15,RSBP,18.45,BSP,34.40,BJP,33.19,SP,21.90
177,Bachhrawan (SC),Rae Bareli,Rae Bareli,90-95,5-10,37.82,95-100,0-5,65-70,75-80,50-55,SP,32.43,RSBP,17.21,INC,15.96,INC,56.22,BJP,26.63,BSP,9.48
178,Tiloi,Amethi,Rae Bareli,70-75,25-30,28.36,90-95,0-5,55-60,70-75,45-50,INC,33.12,SP,31.65,BSP,12.99,INC,44.34,BJP,37.88,BSP,6.54
179,Harchandpur,Rae Bareli,Rae Bareli,90-95,0-5,30.94,95-100,0-5,65-70,75-80,55-60,SP,31.09,INC,22.49,PECP,16.36,INC,64.18,BJP,20.30,BSP,7.53
180,Rae Bareli,Rae Bareli,Rae Bareli,85-90,10-15,23.67,60-65,35-40,70-75,80-85,60-65,PECP,39.73,SP,24.22,INC,18.74,INC,71.38,BJP,16.60,BSP,5.40
181,Salon (SC),Amethi,Rae Bareli,80-85,15-20,31.58,90-95,0-5,60-65,70-75,45-50,SP,40.28,INC,28.27,BSP,13.46,INC,50.06,BJP,31.26,BSP,5.39
182,Sareni,Rae Bareli,Rae Bareli,90-95,5-10,29.09,90-95,5-10,70-75,85-90,60-65,SP,33.06,BSP,26.13,INC,25.52,INC,65.18,BJP,19.84,BSP,8.05
183,Unchahar,Rae Bareli,Rae Bareli,90-95,5-10,30.72,95-100,0-5,65-70,75-80,55-60,SP,33.18,BSP,31.80,INC,25.66,INC,61.43,BJP,22.24,BSP,8.21
184,Jagdishpur (SC),Amethi,Sultanpur,65-70,25-30,26.84,90-95,0-5,60-65,70-75,50-55,INC,32.55,SP,29.43,BSP,18.88,INC,45.15,BJP,37.23,BSP,6.40
185,Gauriganj,Amethi,Sultanpur,85-90,10-15,26.52,95-100,0-5,60-65,75-80,50-55,SP,24.36,INC,24.08,BJP,19.19,INC,47.51,BJP,35.09,BSP,6.08
186,Amethi,Amethi,Sultanpur,90-95,5-10,18.91,90-95,0-5,70-75,80-85,60-65,SP,35.84,INC,30.47,BSP,21.70,INC,46.53,BJP,30.14,BSP,8.74
187,Isauli,Sultanpur,Sultanpur,70-75,20-25,16.78,95-100,0-5,70-75,80-85,55-60,SP,28.61,PECP,20.44,IND,14.70,BJP,42.73,SP,31.10,BSP,16.76
188,Sultanpur,Sultanpur,Sultanpur,70-75,20-25,16.00,75-80,20-25,70-75,80-85,65-70,SP,31.91,BSP,28.15,PECP,17.92,BJP,44.74,SP,29.96,BSP,17.79
189,Sadar,Sultanpur,Sultanpur,90-95,5-10,24.08,95-100,0-5,65-70,80-85,55-60,SP,42.97,BSP,30.48,BJP,14.57,BJP,42.46,BSP,28.65,SP,18.72
190,Lambhua,Sultanpur,Sultanpur,85-90,10-15,23.29,95-100,0-5,70-75,80-85,55-60,SP,41.25,BSP,31.61,INC,13.61,BJP,42.03,BSP,25.67,SP,22.28
191,Kadipur (SC),Sultanpur,Sultanpur,90-95,5-10,26.48,90-95,0-5,70-75,80-85,55-60,SP,51.40,BSP,31.26,INC,6.30,BJP,40.66,BSP,30.99,SP,16.23
192,Kaimganj (SC),Farrukhabad,Farrukhabad,80-85,15-20,19.38,85-90,10-15,60-65,70-75,50-55,SP,28.79,BJP,17.62,BSP,16.32,BJP,39.26,SP,22.48,INC,13.79
193,Amritpur,Farrukhabad,Farrukhabad,90-95,5-10,13.05,95-100,0-5,70-75,75-80,55-60,SP,32.13,JaKP,20.16,BJP,18.48,BJP,42.84,SP,20.52,IND,13.62
194,Farrukhabad,Farrukhabad,Farrukhabad,75-80,20-25,15.91,35-40,60-65,70-75,75-80,65-70,IND,18.95,BJP,18.86,BSP,16.85,BJP,53.76,INC,17.82,BSP,13.53
195,Bhojpur,Farrukhabad,Farrukhabad,80-85,15-20,17.33,90-95,5-10,70-75,80-85,60-65,SP,29.97,JaKP,19.16,BJP,16.22,BJP,50.04,SP,15.09,BSP,14.46
196,Chhibramau,Kannauj,Kannauj,80-85,15-20,16.47,70-75,25-30,70-75,80-85,60-65,SP,31.34,BSP,30.26,BJP,27.53,SP,49.66,BJP,40.34,BSP,7.49
197,Tirwa,Kannauj,Kannauj,90-95,5-10,18.64,90-95,5-10,70-75,80-85,65-70,SP,41.90,BSP,24.53,BJP,17.26,BJP,46.37,SP,42.73,BSP,8.53
198,Kannauj (SC),Kannauj,Kannauj,80-85,15-20,21.17,80-85,10-15,70-75,75-80,60-65,SP,46.11,BSP,24.10,BJP,20.34,SP,44.28,BJP,41.06,BSP,11.90
199,Jaswantnagar,Mainpuri,Etawah,90-95,0-5,23.40,90-95,0-5,75-80,85-90,65-70,SP,61.90,BSP,24.32,BJP,5.89,SP,79.16,BJP,10.71,BSP,8.24
200,Etawah,Etawah (SC),Etawah,85-90,10-15,19.62,45-50,50-55,75-80,85-90,70-75,SP,37.37,BSP,34.25,BJP,13.83,BJP,48.18,SP,34.97,BSP,11.89
201,Bharthana (SC),Etawah (SC),Etawah,95-100,0-5,30.41,85-90,10-15,75-80,85-90,70-75,SP,41.06,BSP,32.48,BJP,17.29,BJP,41.25,SP,31.96,BSP,22.59
202,Bidhuna,Kannauj,Auraiya,90-95,5-10,25.70,90-95,5-10,75-80,85-90,65-70,SP,36.11,BSP,27.06,BJP,21.94,BJP,44.01,SP,38.80,BSP,14.50
203,Dibiyapur,Etawah (SC),Auraiya,90-95,5-10,29.77,85-90,10-15,75-80,85-90,70-75,SP,43.35,BSP,29.65,BJP,17.79,BJP,46.88,SP,27.53,BSP,21.57
204,Auraiya (SC),Etawah (SC),Auraiya,90-95,5-10,30.14,65-70,30-35,80-85,85-90,70-75,SP,36.49,BSP,29.56,BJP,24.53,BJP,47.82,BSP,26.06,SP,22.44
205,Rasulabad (SC),Kannauj,Kanpur Dehat,90-95,5-10,26.54,85-90,10-15,75-80,80-85,65-70,SP,39.46,BSP,29.53,BJP,14.72,SP,42.39,BJP,38.83,BSP,16.47
206,Akbarpur - Raniya,Akbarpur,Kanpur Dehat,90-95,5-10,25.96,85-90,10-15,75-80,80-85,65-70,SP,37.12,BSP,36.46,INC,11.75,BJP,36.87,BSP,27.85,SP,21.73
207,Sikandra,Etawah (SC),Kanpur Dehat,90-95,5-10,24.57,90-95,0-5,75-80,80-85,65-70,BSP,29.88,BJP,28.68,SP,25.38,BJP,50.77,SP,23.29,BSP,21.36
208,Bhognipur,Jalaun (SC),Kanpur Dehat,85-90,10-15,25.51,85-90,10-15,70-75,80-85,65-70,SP,29.31,BSP,26.94,INC,17.73,BJP,45.25,BSP,25.00,SP,23.12
209,Bilhaur (SC),Misrikh (SC),Kanpur Nagar,85-90,5-10,27.23,90-95,5-10,75-80,80-85,65-70,SP,40.82,BSP,33.36,BJP,11.84,BJP,50.82,BSP,23.57,SP,19.31
210,Bithoor,Akbarpur,Kanpur Nagar,90-95,0-5,26.44,95-100,0-5,75-80,80-85,65-70,SP,29.82,BSP,29.49,INC,25.30,BJP,43.20,BSP,23.62,SP,19.69
211,Kalyanpur,Akbarpur,Kanpur Nagar,85-90,10-15,16.61,0-5,95-100,85-90,85-90,80-85,SP,29.97,BJP,28.38,BSP,25.34,BJP,65.10,INC,11.97,BSP,11.87
212,Govindnagar,Kanpur,Kanpur Nagar,75-80,20-25,13.83,0-5,95-100,80-85,85-90,80-85,BJP,35.33,INC,27.68,BSP,19.14,BJP,65.54,INC,19.16,BSP,8.03
213,Sishamau,Kanpur,Kanpur Nagar,85-90,10-15,13.42,0-5,95-100,75-80,75-80,75-80,SP,42.17,BJP,27.50,INC,16.44,BJP,48.07,INC,39.18,BSP,5.99
214,Arya Nagar,Kanpur,Kanpur Nagar,70-75,20-25,8.27,0-5,95-100,75-80,75-80,75-80,BJP,40.73,SP,28.47,INC,15.39,BJP,52.72,INC,36.49,BSP,3.89
215,Kidwai Nagar,Kanpur,Kanpur Nagar,75-80,20-25,11.92,0-5,95-100,80-85,85-90,80-85,INC,35.82,BJP,34.68,SP,12.74,BJP,69.28,INC,17.97,BSP,7.21
216,Kanpur Cantt.,Kanpur,Kanpur Nagar,70-75,25-30,10.20,0-5,95-100,75-80,80-85,75-80,BJP,29.48,SP,23.03,INC,21.56,INC,44.56,BJP,42.70,BSP,5.85
217,Maharajpur,Akbarpur,Kanpur Nagar,85-90,10-15,17.76,30-35,65-70,80-85,85-90,75-80,BJP,37.99,BSP,24.34,SP,23.57,BJP,56.31,BSP,16.16,SP,12.94
218,Ghatampur (SC),Akbarpur,Kanpur Nagar,90-95,5-10,27.79,90-95,5-10,70-75,80-85,60-65,SP,28.54,BSP,28.15,INC,24.09,BJP,46.79,BSP,24.91,SP,13.99
219,Madhaugarh,Jalaun (SC),Jalaun ,90-95,5-10,28.23,80-85,15-20,70-75,80-85,60-65,BSP,28.54,SP,20.04,BJP,18.26,BJP,52.33,BSP,25.61,SP,13.02
220,Kalpi,Jalaun (SC),Jalaun ,85-90,5-10,26.75,85-90,10-15,70-75,80-85,55-60,INC,28.89,BSP,25.90,SP,23.43,BJP,49.50,BSP,24.16,SP,15.51
221,Orai (SC),Jalaun (SC),Jalaun ,85-90,10-15,28.05,55-60,40-45,75-80,85-90,65-70,SP,28.34,BSP,25.34,BJP,19.10,BJP,52.24,BSP,20.95,INC,13.50
222,Babina,Jhansi,Jhansi,90-95,0-5,24.61,65-70,25-30,70-75,80-85,60-65,BSP,34.18,SP,30.69,BJP,22.22,BJP,39.77,SP,37.89,BSP,13.93
223,Jhansi Nagar,Jhansi,Jhansi,80-85,15-20,21.82,0-5,95-100,80-85,85-90,75-80,BJP,31.36,BSP,27.58,SP,18.52,BJP,55.01,SP,18.09,BSP,13.45
224,Mauranipur (SC),Jhansi,Jhansi,95-100,0-5,34.98,80-85,15-20,65-70,80-85,55-60,SP,29.10,BSP,26.25,BJP,20.58,SP,35.48,BJP,35.17,BSP,19.42
225,Garautha,Jalaun (SC),Jhansi,90-95,0-5,30.50,80-85,15-20,70-75,85-90,60-65,SP,33.72,BSP,26.11,INC,21.66,BJP,46.56,BSP,22.36,SP,21.90
226,Lalitpur,Jhansi,Lalitpur,90-95,0-5,17.83,75-80,20-25,60-65,75-80,50-55,BSP,29.06,SP,24.94,BJP,19.82,BJP,45.22,SP,27.90,BSP,14.21
227,Mehroni (SC),Jhansi,Lalitpur,95-100,0-5,21.63,95-100,0-5,60-65,70-75,45-50,BSP,25.93,BJP,25.29,SP,24.60,BJP,43.06,SP,27.34,BSP,19.22
228,Hamirpur,Hamirpur,Hamirpur,90-95,5-10,20.97,75-80,20-25,70-75,80-85,55-60,BJP,27.59,BSP,24.21,SP,21.01,BJP,47.14,SP,21.45,BSP,17.81
229,Rath (SC),Hamirpur,Hamirpur,90-95,5-10,22.82,80-85,15-20,65-70,75-80,50-55,INC,40.48,SP,24.46,BSP,19.94,BJP,46.17,BSP,14.82,SP,13.42
230,Mahoba,Hamirpur,Mahoba,90-95,5-10,23.37,65-70,30-35,65-70,75-80,50-55,BSP,25.19,SP,24.98,INC,23.31,BJP,53.65,BSP,19.00,SP,17.33
231,Charkhari,Hamirpur,Mahoba,90-95,5-10,26.99,85-90,10-15,60-65,75-80,50-55,BJP,34.77,SP,21.64,BSP,21.50,BJP,41.89,BSP,21.41,SP,18.43
232,Tindwari,Hamirpur,Banda,90-95,5-10,19.40,90-95,0-5,65-70,75-80,55-60,INC,37.69,SP,28.44,BSP,23.23,BJP,44.12,SP,27.06,BSP,17.98
233,Baberu,Banda,Banda,90-95,5-10,22.13,95-100,0-5,60-65,75-80,45-50,SP,24.24,BSP,23.57,INC,19.25,BJP,35.64,BSP,28.19,SP,25.58
234,Naraini (SC),Banda,Banda,90-95,5-10,23.20,85-90,10-15,60-65,75-80,50-55,BSP,30.14,SP,27.39,BJP,21.97,BJP,39.75,SP,24.95,BSP,24.59
235,Banda,Banda,Banda,85-90,10-15,21.30,55-60,40-45,70-75,80-85,60-65,INC,32.10,BSP,27.16,BJP,16.25,BJP,48.13,BSP,23.79,SP,15.13
236,Chitrakoot,Banda,Chitrakoot,95-100,0-5,23.33,85-90,10-15,65-70,75-80,50-55,SP,35.78,BSP,26.93,BJP,17.82,BJP,40.15,BSP,26.91,SP,22.17
237,Manikpur,Banda,Chitrakoot,95-100,0-5,30.67,90-95,5-10,60-65,70-75,50-55,BSP,26.35,SP,24.13,BJP,18.20,BJP,36.27,BSP,28.10,SP,22.12
238,Jahanabad,Fatehpur,Fatehpur,90-95,5-10,19.83,90-95,5-10,70-75,80-85,60-65,SP,44.41,BSP,24.03,RLM,16.09,BJP,57.29,BSP,20.50,SP,16.99
239,Bindki,Fatehpur,Fatehpur,85-90,10-15,27.51,90-95,5-10,70-75,80-85,60-65,BSP,27.90,BJP,23.37,SP,19.42,BJP,50.28,BSP,29.46,SP,14.63
240,Fatehpur,Fatehpur,Fatehpur,80-85,15-20,21.73,55-60,40-45,65-70,75-80,55-60,SP,26.77,BSP,24.74,BJP,23.78,BJP,42.85,BSP,29.13,SP,18.84
241,Ayah Shah,Fatehpur,Fatehpur,85-90,5-10,24.53,95-100,0-5,65-70,75-80,50-55,BSP,33.80,SP,26.20,INC,21.86,BJP,49.45,BSP,29.53,SP,13.48
242,Husainganj,Fatehpur,Fatehpur,80-85,15-20,25.81,95-100,0-5,60-65,70-75,50-55,BSP,26.11,INC,24.44,BJP,22.54,BJP,34.48,BSP,29.63,SP,21.15
243,Khaga (SC),Fatehpur,Fatehpur,85-90,10-15,29.03,90-95,5-10,60-65,70-75,50-55,BJP,33.68,BSP,22.92,AD,14.44,BJP,41.61,BSP,31.60,SP,16.56
244,Rampur Khas,Pratapgarh,Pratapgarh,90-95,5-10,24.87,95-100,0-5,65-70,75-80,50-55,INC,49.40,BSP,28.50,SP,13.04,INC,53.36,AD,21.43,BSP,12.39
245,Babaganj (SC),Kaushambi (SC),Pratapgarh,90-95,5-10,28.97,95-100,0-5,65-70,75-80,50-55,IND,49.29,BSP,19.38,INC,18.43,SP,45.58,BJP,29.94,BSP,14.11
246,Kunda,Kaushambi (SC),Pratapgarh,85-90,10-15,26.28,90-95,5-10,65-70,75-80,50-55,IND,67.96,BSP,14.12,INC,8.75,SP,56.76,BJP,25.62,BSP,10.14
247,Bishwavnathganj,Pratapgarh,Pratapgarh,80-85,15-20,19.36,95-100,0-5,70-75,80-85,55-60,SP,27.05,BSP,21.99,AD,18.56,AD,48.37,BSP,24.19,SP,13.15
248,Pratapgarh,Pratapgarh,Pratapgarh,80-85,15-20,16.37,70-75,25-30,75-80,85-90,65-70,SP,25.95,BSP,21.50,BJP,15.20,AD,51.07,BSP,26.98,SP,9.13
249,Patti,Pratapgarh,Pratapgarh,85-90,10-15,20.94,95-100,0-5,70-75,80-85,60-65,SP,32.28,BJP,32.20,BSP,27.51,AD,43.96,BSP,24.95,SP,18.58
250,Raniganj,Pratapgarh,Pratapgarh,80-85,15-20,18.36,95-100,0-5,70-75,85-90,55-60,SP,38.96,BSP,31.17,BJP,10.36,AD,43.08,BSP,26.76,SP,20.36
251,Sirathu,Kaushambi (SC),Kaushambi,80-85,15-20,32.47,90-95,5-10,60-65,70-75,45-50,BJP,30.26,BSP,25.11,SP,16.88,BJP,39.33,BSP,25.82,SP,25.48
252,Manjhanpur (SC),Kaushambi (SC),Kaushambi,85-90,10-15,36.34,90-95,5-10,55-60,70-75,45-50,BSP,43.64,SP,41.63,INC,7.69,BJP,39.84,BSP,33.77,SP,15.56
253,Chail,Kaushambi (SC),Kaushambi,85-90,10-15,35.21,85-90,10-15,60-65,70-75,45-50,BSP,30.65,SP,29.93,AD,12.17,BJP,45.43,BSP,23.39,SP,20.71
254,Phaphamau,Phulpur,Allahabad ,85-90,10-15,24.52,90-95,5-10,65-70,75-80,55-60,SP,29.17,BSP,26.20,IND,12.22,BJP,49.13,BSP,22.43,SP,20.60
255,Soraon (SC),Phulpur,Allahabad ,80-85,15-20,25.00,90-95,5-10,65-70,80-85,55-60,SP,32.88,BSP,25.73,IND,15.10,BJP,48.68,SP,22.75,BSP,21.22
256,Phulpur,Phulpur,Allahabad ,85-90,10-15,21.96,85-90,10-15,70-75,80-85,55-60,SP,38.75,BSP,34.55,AD,8.33,BJP,49.13,SP,25.60,BSP,18.09
257,Pratappur,Bhadohi,Allahabad ,80-85,10-15,24.04,95-100,0-5,65-70,80-85,50-55,SP,34.18,BSP,27.18,INC,13.65,BJP,44.89,SP,27.25,BSP,20.35
258,Handia,Bhadohi,Allahabad ,90-95,5-10,19.65,95-100,0-5,65-70,80-85,55-60,SP,48.51,PMSP,23.63,BSP,17.51,BJP,41.07,BSP,28.10,SP,23.45
259,Meja,Allahabad,Allahabad ,85-90,5-10,21.91,90-95,5-10,70-75,85-90,55-60,SP,28.40,BSP,27.93,IND,14.28,SP,32.91,BJP,32.27,BSP,22.50
260,Karachhana,Allahabad,Allahabad ,85-90,5-10,20.91,90-95,5-10,65-70,80-85,55-60,BSP,38.10,SP,37.88,IND,6.66,SP,38.67,BJP,29.91,BSP,19.88
261,Allahabad West,Phulpur,Allahabad ,80-85,15-20,19.25,30-35,65-70,75-80,80-85,70-75,BSP,40.11,AD,35.10,SP,10.64,BJP,54.72,SP,20.29,BSP,10.79
262,Allahabad North,Phulpur,Allahabad ,75-80,20-25,16.99,0-5,95-100,85-90,90-95,80-85,INC,37.75,BSP,26.66,BJP,24.10,BJP,61.90,INC,11.72,BSP,11.68
263,Allahabad South,Allahabad,Allahabad ,70-75,25-30,11.31,0-5,95-100,80-85,85-90,75-80,SP,29.44,BSP,29.16,BJP,22.85,BJP,51.44,SP,22.88,INC,16.12
264,Bara (SC),Allahabad,Allahabad ,95-100,0-5,27.63,90-95,5-10,65-70,75-80,50-55,SP,26.75,BSP,24.58,AD,14.89,BJP,30.23,BSP,24.31,SP,23.87
265,Koraon (SC),Allahabad,Allahabad ,90-95,5-10,28.74,95-100,0-5,65-70,75-80,50-55,BSP,24.79,CPM,20.49,BJP,16.91,BJP,33.18,SP,22.36,BSP,18.27
266,Kursi,Barabanki (SC),Bara Banki,70-75,25-30,25.92,90-95,5-10,60-65,65-70,50-55,SP,34.17,BSP,23.97,BJP,14.56,BJP,41.44,INC,22.49,BSP,17.42
267,Ram Nagar,Barabanki (SC),Bara Banki,70-75,20-25,17.21,95-100,0-5,55-60,65-70,45-50,SP,38.38,BSP,22.41,INC,18.47,BJP,43.21,INC,19.54,SP,19.49
268,Barabanki,Barabanki (SC),Bara Banki,70-75,20-25,20.87,65-70,30-35,65-70,75-80,60-65,SP,38.68,BSP,27.99,INC,11.13,BJP,38.90,INC,28.34,SP,16.70
269,Zaidpur (SC),Barabanki (SC),Bara Banki,70-75,25-30,30.11,85-90,5-10,60-65,70-75,50-55,SP,33.79,BSP,23.66,INC,22.87,BJP,42.48,INC,24.41,BSP,16.60
270,Dariyabad,Faizabad,Bara Banki,80-85,15-20,29.73,90-95,0-5,55-60,65-70,45-50,SP,35.70,BSP,27.26,INC,24.20,BJP,45.70,SP,22.30,BSP,14.50
271,Rudauli,Faizabad,Faizabad,70-75,25-30,24.12,90-95,5-10,55-60,65-70,45-50,BJP,32.66,SP,32.16,BSP,18.34,BJP,42.19,SP,20.80,INC,18.32
272,Haidergarh (SC),Barabanki (SC),Bara Banki,85-90,10-15,34.35,90-95,5-10,60-65,70-75,50-55,SP,33.62,BSP,27.49,BJP,21.69,BJP,47.27,BSP,19.19,INC,17.83
273,Milkipur (SC),Faizabad,Faizabad,85-90,5-10,26.48,95-100,0-5,65-70,75-80,55-60,SP,42.24,BSP,22.65,BJP,18.87,BJP,44.64,SP,27.13,BSP,13.98
274,Bikapur,Faizabad,Faizabad,80-85,10-15,23.86,90-95,0-5,70-75,75-80,60-65,SP,27.38,BSP,26.45,RLD,18.60,BJP,49.49,SP,17.34,BSP,16.71
275,Ayodhya,Faizabad,Faizabad,85-90,10-15,17.13,45-50,50-55,75-80,80-85,70-75,SP,28.74,BJP,25.93,BSP,17.41,BJP,57.68,SP,14.97,INC,12.68
276,Goshainganj,Ambedkar Nagar,Faizabad,90-95,5-10,21.36,95-100,0-5,70-75,80-85,60-65,SP,58.45,BSP,30.39,INC,3.57,BJP,47.65,BSP,23.13,SP,19.90
277,Katehari,Ambedkar Nagar,Ambedkar Nagar,85-90,10-15,24.66,95-100,0-5,70-75,80-85,60-65,SP,46.82,BSP,38.10,INC,5.89,BJP,45.36,BSP,27.85,SP,19.53
278,Tanda,Ambedkar Nagar,Ambedkar Nagar,65-70,30-35,23.06,70-75,25-30,70-75,80-85,65-70,SP,47.30,BSP,31.66,INC,9.35,BJP,39.64,SP,29.93,BSP,24.35
279,Alapur (SC),Sant Kabir Nagar,Ambedkar Nagar,85-90,10-15,27.61,95-100,0-5,70-75,80-85,60-65,SP,48.15,BSP,30.04,INC,6.99,BJP,39.01,BSP,26.74,SP,17.98
280,Jalalpur,Ambedkar Nagar,Ambedkar Nagar,85-90,10-15,26.66,90-95,5-10,70-75,80-85,60-65,SP,41.93,BSP,33.82,SBSP,9.33,BJP,36.66,BSP,35.33,SP,21.21
281,Akbarpur,Ambedkar Nagar,Ambedkar Nagar,85-90,10-15,20.86,70-75,20-25,70-75,80-85,60-65,SP,51.31,BSP,36.51,INC,4.11,BJP,39.19,BSP,30.21,SP,23.89
282,Balha (SC),Bahraich (SC),Bahraich,70-75,20-25,17.65,95-100,0-5,40-45,50-55,30-35,BJP,33.19,BSP,21.95,SP,19.79,BJP,43.72,SP,31.63,BSP,14.66
283,Nanpara,Bahraich (SC),Bahraich,60-65,35-40,15.32,85-90,10-15,45-50,50-55,35-40,INC,28.54,BSP,25.91,SP,14.10,BJP,47.42,SP,38.59,BSP,7.17
284,Matera,Bahraich (SC),Bahraich,50-55,45-50,15.51,95-100,0-5,40-45,50-55,30-35,SP,26.18,INC,24.43,BJP,18.19,SP,45.87,BJP,38.90,BSP,8.45
285,Mahasi,Bahraich (SC),Bahraich,75-80,20-25,14.30,95-100,0-5,45-50,55-60,35-40,BSP,25.04,BJP,23.50,SP,22.93,BJP,54.95,SP,27.53,BSP,10.62
286,Bahraich,Bahraich (SC),Bahraich,60-65,35-40,15.13,60-65,35-40,55-60,65-70,50-55,SP,29.51,INC,20.50,BJP,18.78,BJP,46.41,SP,37.15,BSP,10.50
287,Payagpur,Kaiserganj,Bahraich,75-80,20-25,14.95,95-100,0-5,50-55,60-65,40-45,INC,34.82,BSP,20.37,SP,17.73,BJP,39.85,SP,23.62,BSP,18.77
288,Kaiserganj,Kaiserganj,Bahraich,55-60,35-40,9.68,95-100,0-5,50-55,55-60,40-45,BJP,24.26,SP,20.52,BSP,20.11,BJP,39.72,SP,39.05,BSP,11.72
289,Bhinga,Shrawasti,Shrawasti,65-70,30-35,13.91,95-100,0-5,40-45,50-55,30-35,SP,31.72,INC,28.41,BJP,21.97,BJP,35.55,SP,33.69,BSP,19.55
290,Shrawasti,Shrawasti,Shrawasti,70-75,25-30,19.78,95-100,0-5,45-50,55-60,35-40,SP,34.29,BSP,28.61,BJP,18.30,BJP,37.63,SP,27.46,BSP,23.40
291,Tulsipur,Shrawasti,Balrampur,65-70,30-35,13.10,90-95,5-10,40-45,50-55,30-35,SP,39.35,BSP,19.58,INC,18.61,BJP,33.81,PECP,22.29,SP,19.12
292,Gainsari,Shrawasti,Balrampur,60-65,35-40,11.87,95-100,0-5,45-50,55-60,35-40,SP,33.75,BSP,19.65,BJP,19.45,BJP,30.04,SP,26.55,BSP,20.29
293,Utraula,Gonda,Balrampur,55-60,40-45,12.47,90-95,5-10,50-55,60-65,40-45,SP,24.04,BSP,23.44,BJP,19.36,BJP,37.12,SP,26.30,INC,14.18
294,Balrampur (SC),Shrawasti,Balrampur,65-70,30-35,14.03,80-85,10-15,50-55,60-65,40-45,SP,28.97,BJP,17.74,BSP,17.65,BJP,38.71,SP,24.96,BSP,18.18
295,Mehnaun,Gonda,Gonda,70-75,25-30,15.10,95-100,0-5,50-55,65-70,40-45,SP,40.05,BSP,21.58,PECP,18.50,BJP,38.19,SP,21.16,INC,15.08
296,Gonda,Gonda,Gonda,70-75,25-30,14.33,65-70,25-30,65-70,70-75,55-60,SP,37.20,BJP,28.30,IND,14.37,BJP,44.91,SP,18.60,BSP,13.89
297,Katra Bazar,Kaiserganj,Gonda,75-80,20-25,14.71,95-100,0-5,50-55,65-70,40-45,BJP,33.32,BSP,29.78,SP,26.06,BJP,38.43,SP,35.43,BSP,13.95
298,Colonelganj,Kaiserganj,Gonda,80-85,15-20,13.21,90-95,5-10,55-60,65-70,45-50,SP,43.37,BSP,35.86,INC,5.82,BJP,40.67,SP,29.09,BSP,20.42
299,Tarabganj,Kaiserganj,Gonda,90-95,5-10,17.26,95-100,0-5,55-60,70-75,45-50,SP,28.16,BSP,25.37,BJP,21.46,BJP,43.54,SP,32.54,BSP,14.01
300,Mankapur (SC),Gonda,Gonda,85-90,10-15,17.78,90-95,5-10,60-65,70-75,45-50,SP,50.17,BSP,32.77,BJP,4.33,BJP,51.20,SP,21.06,BSP,13.17
301,Gaura,Gonda,Gonda,75-80,20-25,16.20,95-100,0-5,55-60,65-70,45-50,SP,26.10,INC,21.77,BJP,20.22,BJP,34.63,SP,26.83,BSP,18.41
302,Shohratgarh,Domariyaganj,Siddharthnagar,70-75,25-30,16.26,90-95,0-5,55-60,65-70,45-50,SP,31.00,BSP,20.34,PECP,12.31,BJP,34.16,BSP,19.77,SP,17.67
303,Kapilvastu (SC),Domariyaganj,Siddharthnagar,70-75,25-30,17.17,90-95,5-10,60-65,70-75,45-50,SP,41.19,BJP,21.81,BSP,16.93,BJP,39.36,BSP,19.17,SP,12.31
304,Bansi,Domariyaganj,Siddharthnagar,75-80,20-25,17.13,90-95,5-10,60-65,70-75,45-50,BJP,28.10,SP,26.38,BSP,21.62,BJP,28.17,BSP,19.12,INC,17.94
305,Itwa,Domariyaganj,Siddharthnagar,60-65,30-35,14.07,95-100,0-5,50-55,60-65,40-45,SP,31.36,BSP,23.38,INC,22.98,BSP,27.82,SP,26.96,BJP,26.63
306,Doomariyaganj,Domariyaganj,Siddharthnagar,60-65,35-40,14.82,90-95,5-10,60-65,70-75,50-55,PECP,25.14,BSP,24.24,SP,23.49,BJP,29.39,SP,22.18,BSP,19.81
307,Harraiya,Basti,Basti,85-90,10-15,19.28,95-100,0-5,65-70,75-80,55-60,SP,43.33,BSP,32.91,INC,13.14,BJP,37.99,SP,33.55,BSP,22.00
308,Kaptanganj,Basti,Basti,85-90,10-15,20.95,95-100,0-5,65-70,75-80,55-60,BSP,36.05,SP,30.13,INC,24.94,BJP,30.96,SP,30.75,BSP,30.61
309,Rudhauli,Basti,Basti,75-80,20-25,18.34,95-100,0-5,60-65,75-80,50-55,INC,27.55,BSP,24.67,SP,18.94,BJP,32.94,SP,29.85,BSP,27.66
310,Basti Sadar,Basti,Basti,80-85,15-20,21.73,75-80,20-25,70-75,80-85,60-65,BSP,29.25,INC,18.76,BJP,17.72,BJP,37.07,BSP,28.00,SP,26.91
311,Mahadewa (SC),Basti,Basti,85-90,10-15,24.46,95-100,0-5,65-70,75-80,55-60,SP,45.84,BSP,35.23,BJP,5.96,SP,33.39,BJP,31.57,BSP,27.26
312,Menhdawal,Sant Kabir Nagar,Sant Kabir Nagar,70-75,20-25,16.60,90-95,5-10,60-65,70-75,50-55,SP,27.04,PECP,19.29,BSP,15.99,BJP,36.00,SP,22.96,BSP,19.80
313,Khalilabad,Sant Kabir Nagar,Sant Kabir Nagar,65-70,30-35,21.83,85-90,10-15,70-75,80-85,55-60,PECP,27.00,BSP,24.39,BJP,21.06,BJP,29.90,SP,23.88,BSP,23.83
314,Dhanghata (SC),Sant Kabir Nagar,Sant Kabir Nagar,85-90,10-15,27.00,95-100,0-5,65-70,75-80,55-60,SP,35.55,BSP,27.54,BJP,21.70,SP,32.77,BJP,32.15,BSP,23.17
315,Pharenda,Maharajganj,Mahrajganj,80-85,15-20,18.38,95-100,0-5,60-65,75-80,45-50,BJP,26.28,INC,18.97,BSP,18.68,BJP,39.22,BSP,24.27,SP,19.98
316,Nautanwa,Maharajganj,Mahrajganj,75-80,20-25,16.56,90-95,5-10,60-65,70-75,45-50,INC,40.56,SP,36.41,BSP,10.95,BJP,36.81,SP,28.26,BSP,21.87
317,Siswa,Maharajganj,Mahrajganj,80-85,15-20,18.92,90-95,5-10,60-65,70-75,45-50,SP,25.12,BJP,17.37,PECP,16.98,BJP,48.72,BSP,20.39,SP,18.18
318,Maharajganj (SC),Maharajganj,Mahrajganj,80-85,10-15,20.33,90-95,5-10,60-65,75-80,50-55,SP,39.11,BSP,22.39,BJP,20.95,BJP,46.44,BSP,23.31,SP,17.30
319,Paniyara,Maharajganj,Mahrajganj,80-85,15-20,17.50,95-100,0-5,60-65,75-80,50-55,BSP,26.56,BJP,24.63,SP,18.59,BJP,49.63,BSP,19.98,SP,18.98
320,Caimpiyarganj,Gorakhpur,Gorakhpur,90-95,5-10,16.86,95-100,0-5,60-65,75-80,50-55,NCP,36.63,SP,32.07,BSP,15.29,BJP,47.31,SP,26.26,BSP,17.49
321,Pipraich,Gorakhpur,Gorakhpur,85-90,10-15,19.06,90-95,5-10,60-65,75-80,50-55,SP,43.50,BSP,25.68,BJP,14.81,BJP,55.30,SP,21.11,BSP,16.50
322,Gorakhpur Urban,Gorakhpur,Gorakhpur,80-85,15-20,10.76,0-5,95-100,80-85,85-90,75-80,BJP,49.19,SP,20.42,BSP,14.43,BJP,64.50,SP,14.96,BSP,9.87
323,Gorakhpur Rural,Gorakhpur,Gorakhpur,85-90,10-15,13.14,50-55,40-45,70-75,80-85,60-65,BJP,31.31,SP,22.27,BSP,21.99,BJP,46.03,SP,25.41,BSP,18.90
324,Sahajanwa,Gorakhpur,Gorakhpur,90-95,5-10,23.22,90-95,5-10,70-75,80-85,55-60,BSP,29.42,BJP,22.37,IND,12.24,BJP,45.14,BSP,22.44,SP,21.20
325,Khajani (SC),Sant Kabir Nagar,Gorakhpur,90-95,5-10,27.86,95-100,0-5,70-75,80-85,55-60,BJP,35.09,BSP,29.37,SP,18.27,BJP,36.19,BSP,31.71,SP,20.36
326,Chauri-Chaura,Bansgaon (SC),Gorakhpur,90-95,5-10,24.60,95-100,0-5,65-70,75-80,50-55,BSP,29.28,SP,17.14,BJP,13.27,BJP,49.55,BSP,24.14,SP,17.18
327,Bansgaon (SC),Bansgaon (SC),Gorakhpur,90-95,5-10,28.32,95-100,0-5,70-75,80-85,55-60,BSP,35.64,SP,30.10,BJP,16.35,BJP,43.44,BSP,32.59,SP,13.28
328,Chillupar,Bansgaon (SC),Gorakhpur,90-95,5-10,26.29,90-95,5-10,70-75,80-85,60-65,BSP,30.81,SP,25.23,ABLTC,22.59,BJP,42.21,BSP,29.47,SP,13.74
329,Khadda,Kushi Nagar,Kushinagar,80-85,15-20,16.75,95-100,0-5,60-65,70-75,45-50,INC,21.94,SP,20.68,BSP,17.55,BJP,38.04,INC,28.29,BSP,16.68
330,Padrauna,Kushi Nagar,Kushinagar,75-80,20-25,14.98,90-95,5-10,60-65,75-80,50-55,BSP,22.40,INC,18.07,BJP,16.98,INC,36.57,BJP,35.66,BSP,13.17
331,Tamkuhi Raj,Deoria,Kushinagar,80-85,15-20,13.66,95-100,0-5,60-65,70-75,45-50,INC,27.03,BJP,24.05,SP,20.23,BJP,48.55,BSP,23.14,SP,14.72
332,Fazilnagar,Deoria,Kushinagar,75-80,20-25,14.39,95-100,0-5,65-70,75-80,50-55,BJP,26.74,BSP,23.80,SP,23.23,BJP,49.83,BSP,24.99,SP,15.98
333,Kushinagar,Kushi Nagar,Kushinagar,80-85,15-20,12.58,90-95,0-5,65-70,80-85,55-60,SP,37.13,BSP,23.90,INC,10.74,BJP,44.00,INC,28.79,SP,11.64
334,Hata,Kushi Nagar,Kushinagar,90-95,5-10,17.76,95-100,0-5,65-70,80-85,55-60,SP,30.02,BSP,21.02,IND,14.79,BJP,39.27,INC,27.16,SP,14.73
335,Ramkola (SC),Kushi Nagar,Kushinagar,85-90,10-15,17.24,90-95,5-10,65-70,75-80,50-55,SP,30.19,BJP,19.17,BSP,17.74,BJP,37.70,INC,28.79,BSP,14.83
336,Rudrapur,Bansgaon (SC),Deoria,90-95,5-10,15.94,90-95,5-10,65-70,75-80,50-55,INC,26.36,SP,21.56,BJP,20.21,BJP,50.96,BSP,21.18,SP,17.16
337,Deoria,Deoria,Deoria,90-95,5-10,13.25,70-75,25-30,75-80,85-90,65-70,BJP,33.88,BSP,19.86,SP,17.72,BJP,57.16,BSP,21.20,SP,13.25
338,Pathardeva,Deoria,Deoria,80-85,15-20,14.24,95-100,0-5,70-75,80-85,55-60,SP,32.98,BJP,30.47,BSP,17.18,BJP,49.06,BSP,26.27,SP,17.33
339,Rampur Karkhana,Deoria,Deoria,85-90,10-15,15.44,90-95,0-5,70-75,80-85,55-60,SP,29.17,IND,25.15,BSP,13.53,BJP,51.38,BSP,23.18,SP,16.27
340,Bhatpar Rani,Salempur,Deoria,85-90,10-15,13.60,95-100,0-5,70-75,80-85,55-60,SP,35.57,BSP,26.09,INC,12.29,BJP,55.81,SP,15.74,BSP,12.22
341,Salempur (SC),Salempur,Deoria,80-85,10-15,16.28,80-85,15-20,70-75,85-90,60-65,SP,33.79,BJP,22.39,BSP,20.19,BJP,48.67,BSP,19.17,SP,15.86
342,Barhaj,Bansgaon (SC),Deoria,90-95,5-10,17.38,90-95,5-10,70-75,80-85,55-60,SP,42.41,BSP,34.81,BJP,6.00,BJP,53.66,BSP,21.23,SP,15.16
343,Atrauliya,Lalganj (SC),Azamgarh,90-95,5-10,22.63,95-100,0-5,70-75,80-85,55-60,SP,52.30,BSP,28.90,SBSP,4.79,BJP,36.39,SP,36.10,BSP,20.84
344,Gopalpur,Azamgarh,Azamgarh,80-85,15-20,25.22,95-100,0-5,65-70,75-80,55-60,SP,47.66,BSP,29.17,BJP,6.79,SP,36.23,BJP,28.16,BSP,25.81
345,Sagri,Azamgarh,Azamgarh,85-90,10-15,24.78,90-95,0-5,65-70,75-80,55-60,SP,35.97,BSP,30.04,INC,18.86,SP,32.41,BJP,30.17,BSP,28.25
346,Mubarakpur,Azamgarh,Azamgarh,65-70,30-35,22.76,70-75,25-30,65-70,75-80,60-65,BSP,29.25,SP,24.25,BJP,21.59,SP,38.03,BSP,33.96,BJP,22.00
347,Azamgarh,Azamgarh,Azamgarh,85-90,10-15,21.80,70-75,20-25,75-80,80-85,65-70,SP,50.42,BSP,33.49,BJP,4.62,SP,38.75,BJP,33.13,BSP,21.89
348,Nizamabad,Lalganj (SC),Azamgarh,75-80,20-25,23.71,90-95,5-10,70-75,80-85,60-65,SP,42.24,BSP,26.48,BJP,14.57,BJP,33.09,SP,32.95,BSP,24.98
349,Phoolpur Pawai,Lalganj (SC),Azamgarh,80-85,15-20,23.63,95-100,0-5,70-75,80-85,60-65,SP,28.91,BSP,28.38,INC,15.37,BJP,37.39,SP,27.77,BSP,25.92
350,Didarganj,Lalganj (SC),Azamgarh,75-80,15-20,23.11,95-100,0-5,70-75,80-85,60-65,SP,36.56,BSP,35.30,RUC,19.41,BJP,37.10,BSP,26.40,SP,25.55
351,Lalganj (SC),Lalganj (SC),Azamgarh,85-90,10-15,34.76,95-100,0-5,70-75,80-85,60-65,SP,36.27,BSP,30.10,BJP,15.23,BJP,36.04,BSP,32.05,SP,22.73
352,Mehnagar (SC),Azamgarh,Azamgarh,90-95,5-10,30.60,95-100,0-5,70-75,80-85,55-60,SP,33.60,BSP,27.83,BJP,19.22,SP,31.45,BJP,30.25,BSP,29.54
353,Madhuban,Ghosi,Mau,90-95,5-10,23.20,95-100,0-5,70-75,80-85,60-65,BSP,27.88,SP,27.14,INC,14.26,BJP,43.44,BSP,22.85,SP,15.14
354,Ghosi,Ghosi,Mau,75-80,20-25,18.63,75-80,15-20,70-75,80-85,60-65,SP,35.48,BSP,28.00,QED,21.50,BJP,36.36,BSP,21.55,SP,16.80
355,Muhammadabad- Gohna (Sc),Ghosi,Mau,80-85,15-20,27.78,80-85,15-20,70-75,80-85,60-65,SP,28.91,BSP,27.19,BJP,15.71,BJP,31.21,BSP,27.62,QED,16.84
356,Mau,Ghosi,Mau,70-75,25-30,17.81,50-55,45-50,70-75,80-85,65-70,QED,31.24,BSP,28.61,SP,24.12,BJP,32.30,QED,22.89,BSP,20.10
357,Belthara Road (SC),Salempur,Ballia,85-90,10-15,21.18,95-100,0-5,70-75,80-85,60-65,SP,33.56,BSP,27.53,SBSP,20.81,BJP,41.46,BSP,28.11,SP,15.71
358,Rasara,Ghosi,Ballia,90-95,5-10,20.75,90-95,5-10,70-75,80-85,60-65,BSP,46.82,SP,17.53,SBSP,13.47,BJP,40.85,BSP,20.64,SP,16.22
359,Sikanderpur,Salempur,Ballia,85-90,5-10,17.51,90-95,5-10,70-75,80-85,60-65,SP,36.72,BSP,18.74,INC,16.04,BJP,38.13,SP,24.06,BSP,20.05
360,Phephana,Ballia,Ballia,90-95,5-10,15.38,90-95,5-10,70-75,80-85,55-60,BJP,30.14,SP,25.78,SBSP,21.69,BJP,33.75,SP,31.54,QED,15.57
361,Ballia Nagar,Ballia,Ballia,90-95,5-10,10.74,75-80,20-25,75-80,85-90,65-70,SP,34.74,QED,19.91,BSP,16.08,BJP,51.85,SP,21.51,BSP,10.82
362,Bansdih,Salempur,Ballia,95-100,0-5,9.95,80-85,15-20,65-70,75-80,50-55,SP,26.94,BJP,15.11,SBSP,14.68,BJP,45.05,SP,21.99,BSP,14.38
363,Bairia,Ballia,Ballia,95-100,0-5,12.55,95-100,0-5,65-70,80-85,55-60,SP,32.13,BJP,31.74,BSP,22.17,BJP,44.61,SP,29.27,BSP,14.58
364,Badlapur,Jaunpur,Jaunpur,90-95,5-10,21.86,95-100,0-5,70-75,85-90,55-60,SP,37.04,BSP,27.85,INC,11.63,BJP,37.56,BSP,23.92,SP,13.10
365,Shahganj,Jaunpur,Jaunpur,80-85,10-15,20.93,90-95,0-5,70-75,80-85,60-65,SP,38.10,BSP,32.87,BJP,18.46,BJP,35.99,BSP,23.88,SP,19.29
366,Jaunpur,Jaunpur,Jaunpur,70-75,20-25,16.32,60-65,35-40,70-75,80-85,60-65,INC,25.46,BSP,24.84,SP,23.89,BJP,39.80,BSP,21.31,SP,15.27
367,Malhani,Jaunpur,Jaunpur,90-95,5-10,21.11,95-100,0-5,70-75,85-90,55-60,SP,42.17,IND,25.89,BSP,23.69,BJP,26.08,SP,21.81,BSP,18.84
368,Mungra Badshahpur,Jaunpur,Jaunpur,90-95,5-10,22.36,95-100,0-5,70-75,85-90,55-60,BJP,26.83,BSP,23.58,SP,22.53,BJP,43.09,BSP,21.94,SP,19.67
369,Machhlishahr (SC),Machhlishahr (SC),Jaunpur,90-95,5-10,24.11,90-95,0-5,65-70,80-85,55-60,SP,44.06,BSP,31.01,BJP,14.37,BJP,41.07,BSP,27.54,SP,23.19
370,Mariyahu,Machhlishahr (SC),Jaunpur,85-90,5-10,21.40,90-95,5-10,70-75,80-85,55-60,SP,33.61,BSP,26.08,AD,21.57,BJP,48.80,BSP,25.92,SP,16.44
371,Zafrabad,Machhlishahr (SC),Jaunpur,90-95,5-10,21.79,90-95,0-5,70-75,80-85,55-60,SP,30.66,BSP,27.87,BJP,16.13,BJP,41.97,BSP,27.79,SP,18.97
372,Kerakat (SC),Machhlishahr (SC),Jaunpur,90-95,5-10,28.44,95-100,0-5,70-75,80-85,60-65,SP,32.36,BSP,27.47,BJP,20.72,BJP,38.16,BSP,30.36,SP,21.00
373,Jakhanian (SC),Ghazipur,Ghazipur,90-95,5-10,24.43,95-100,0-5,70-75,80-85,55-60,SP,35.83,BSP,28.31,JPS,13.19,BJP,31.39,BSP,27.37,SP,25.90
374,Saidpur (SC),Ghazipur,Ghazipur,90-95,5-10,23.60,90-95,0-5,70-75,80-85,60-65,SP,48.60,BSP,26.09,QED,13.01,BJP,29.63,SP,26.78,BSP,26.44
375,Ghazipur,Ghazipur,Ghazipur,85-90,10-15,16.59,70-75,25-30,70-75,80-85,60-65,SP,26.41,BSP,26.28,BJP,22.15,BJP,32.25,SP,26.66,BSP,21.65
376,Jangipur,Ghazipur,Ghazipur,90-95,5-10,21.51,95-100,0-5,70-75,80-85,55-60,SP,38.87,BSP,33.77,SBSP,11.60,BJP,31.42,SP,30.67,BSP,25.52
377,Zahoorabad,Ballia,Ghazipur,85-90,5-10,20.15,95-100,0-5,65-70,80-85,55-60,SP,33.02,BSP,27.86,SBSP,24.08,BJP,30.24,BSP,21.81,SP,20.67
378,Mohammadabad,Ballia,Ghazipur,85-90,5-10,17.90,90-95,5-10,70-75,80-85,55-60,QED,32.70,SP,29.12,BSP,24.55,BJP,33.51,QED,30.38,SP,16.97
379,Zamania,Ghazipur,Ghazipur,75-80,20-25,16.14,90-95,5-10,70-75,80-85,60-65,SP,41.52,BSP,26.86,QED,21.30,BJP,30.84,SP,29.28,BSP,21.05
380,Mughalsarai,Chandauli,Chandauli,80-85,15-20,18.31,60-65,35-40,70-75,75-80,60-65,BSP,31.54,SP,23.30,BJP,22.53,BJP,40.27,SP,24.60,BSP,24.31
381,Sakaldiha,Chandauli,Chandauli,90-95,5-10,23.17,95-100,0-5,70-75,85-90,60-65,IND,36.01,SP,32.31,BSP,23.19,BJP,35.98,BSP,29.09,SP,26.82
382,Saiyadraja,Chandauli,Chandauli,90-95,5-10,21.91,95-100,0-5,70-75,80-85,60-65,IND,29.23,PMSP,28.08,BSP,23.34,BJP,39.25,BSP,29.80,SP,19.67
383,Chakia (SC),Robertsganj (SC),Chandauli,90-95,5-10,28.12,95-100,0-5,65-70,75-80,55-60,SP,43.73,BSP,39.57,BJP,7.37,BJP,40.82,BSP,28.17,SP,20.60
384,Pindra,Machhlishahr (SC),Varanasi,90-95,5-10,18.37,95-100,0-5,70-75,85-90,60-65,INC,29.31,BSP,24.20,AD,22.44,BJP,51.53,BSP,20.60,SP,15.40
385,Ajagara (SC),Chandauli,Varanasi,95-100,0-5,20.41,95-100,0-5,70-75,80-85,60-65,BSP,32.35,SP,31.23,BJP,12.27,BJP,46.64,BSP,24.63,SP,17.87
386,Shivpur,Chandauli,Varanasi,90-95,5-10,15.81,75-80,20-25,70-75,80-85,60-65,BSP,26.45,SP,19.59,SBSP,17.79,BJP,48.20,BSP,24.20,SP,15.30
387,Rohaniya,Varanasi,Varanasi,90-95,5-10,13.01,70-75,25-30,75-80,80-85,65-70,AD,30.22,BSP,21.03,SP,13.64,BJP,54.78,AAP,17.56,BSP,9.14
388,Varanasi North,Varanasi,Varanasi,60-65,35-40,9.65,0-5,95-100,75-80,80-85,70-75,BJP,26.49,BSP,25.20,SP,20.67,BJP,55.93,AAP,21.48,INC,9.35
389,Varanasi South,Varanasi,Varanasi,70-75,25-30,3.62,0-5,95-100,80-85,80-85,75-80,BJP,38.22,INC,29.09,QED,13.51,BJP,55.30,AAP,28.13,INC,8.63
390,Varanasi Cantt.,Varanasi,Varanasi,70-75,25-30,8.51,0-5,95-100,80-85,85-90,75-80,BJP,32.05,INC,24.94,SP,20.99,BJP,60.09,AAP,23.33,INC,6.63
391,Sevapuri,Varanasi,Varanasi,90-95,5-10,14.68,85-90,5-10,70-75,80-85,60-65,SP,31.87,AD,20.71,BSP,18.12,BJP,55.18,BSP,11.51,AAP,11.22
392,Bhadohi,Bhadohi,Sant Ravidas Nagar (Bhadohi),80-85,15-20,23.18,75-80,20-25,65-70,80-85,55-60,SP,37.70,BSP,29.92,BJP,12.49,BJP,40.42,BSP,28.66,SP,20.49
393,Gyanpur,Bhadohi,Sant Ravidas Nagar (Bhadohi),90-95,5-10,20.62,90-95,5-10,65-70,80-85,55-60,SP,51.68,BSP,30.42,PMSP,7.93,BJP,39.99,SP,26.54,BSP,22.97
394,Aurai (SC),Bhadohi,Sant Ravidas Nagar (Bhadohi),85-90,10-15,23.21,85-90,10-15,65-70,80-85,55-60,SP,47.28,BSP,34.94,BJP,4.54,BJP,39.25,BSP,24.75,SP,24.22
395,Chhanbey (SC),Mirzapur,Mirzapur,90-95,5-10,35.61,95-100,0-5,60-65,75-80,50-55,SP,30.99,BSP,25.44,INC,18.02,AD,40.44,BSP,27.08,INC,10.36
396,Mirzapur,Mirzapur,Mirzapur,85-90,10-15,18.00,45-50,50-55,70-75,80-85,60-65,SP,36.51,BSP,24.73,BJP,19.57,AD,51.48,INC,17.46,BSP,15.28
397,Majhawan,Mirzapur,Mirzapur,90-95,0-5,26.25,90-95,0-5,65-70,75-80,50-55,BSP,39.72,SP,35.11,PMSP,10.22,AD,40.58,BSP,28.40,INC,11.29
398,Chunar,Mirzapur,Mirzapur,90-95,5-10,16.96,90-95,5-10,70-75,80-85,60-65,SP,36.36,BSP,25.16,BJP,19.23,AD,47.52,BSP,16.17,SP,15.33
399,Marihan,Mirzapur,Mirzapur,90-95,5-10,33.79,90-95,5-10,60-65,70-75,50-55,INC,29.66,SP,25.68,BSP,24.35,AD,37.37,INC,23.07,BSP,20.63
400,Ghorawal,Robertsganj (SC),Sonbhadra,95-100,0-5,34.83,95-100,0-5,65-70,75-80,50-55,SP,42.97,BSP,35.53,INC,6.86,BJP,40.94,BSP,25.89,SP,15.88
401,Robertsganj,Robertsganj (SC),Sonbhadra,90-95,5-10,23.59,90-95,5-10,60-65,70-75,45-50,SP,28.59,BSP,25.35,BJP,12.22,BJP,44.33,BSP,20.89,SP,12.09
402,Obra,Robertsganj (SC),Sonbhadra,90-95,5-10,15.66,45-50,45-50,65-70,75-80,55-60,BSP,21.90,BJP,16.99,IND,14.79,BJP,47.76,INC,14.55,BSP,13.24
403,Duddhi (SC),Robertsganj (SC),Sonbhadra,90-95,5-10,14.60,85-90,10-15,60-65,70-75,45-50,IND,26.40,SP,22.61,BJP,20.60,BJP,41.33,INC,16.14,SP,13.66