ST_CODE,ST_NAME,AC_NO,AC_NAME,MONTH,YEAR,TOT_VOTERS,TOT_ELECTORS,POLL_PERCENT
S05,Goa,1,Mandrem,1,2012,25966,29364,88.43
S05,Goa,2,Pernem ,1,2012,25940,29515,87.89
S05,Goa,3,Bicholim,1,2012,21037,23894,88.04
S05,Goa,4,Tivim,1,2012,20315,23607,86.05
S05,Goa,5,Mapusa,1,2012,20256,25659,78.94
S05,Goa,6,Siolim,1,2012,21665,26344,82.24
S05,Goa,7,Saligao,1,2012,19443,23782,81.76
S05,Goa,8,Calangute,1,2012,18350,22178,82.74
S05,Goa,9,Porvorim,1,2012,17234,21209,81.26
S05,Goa,10,Aldona,1,2012,20314,25112,80.89
S05,Goa,11,Panaji,1,2012,16839,21355,78.85
S05,Goa,12,Taleigao,1,2012,21036,25916,81.17
S05,Goa,13,St. Cruz,1,2012,21421,25524,83.92
S05,Goa,14,St. Andre,1,2012,17228,21338,80.74
S05,Goa,15,Cumbarjua,1,2012,19846,23757,83.54
S05,Goa,16,Maem,1,2012,22467,25080,89.58
S05,Goa,17,Sanquelim,1,2012,21623,24068,89.84
S05,Goa,18,Poriem,1,2012,25120,27820,90.29
S05,Goa,19,Valpoi,1,2012,23223,26094,89
S05,Goa,20,Priol,1,2012,24732,27595,89.62
S05,Goa,21,Ponda,1,2012,23234,28594,81.25
S05,Goa,22,Siroda,1,2012,22985,26030,88.3
S05,Goa,23,Marcaim,1,2012,22750,25149,90.46
S05,Goa,24,Mormugao,1,2012,16260,20348,79.91
S05,Goa,25,Vasco-da-gama,1,2012,21765,28411,76.61
S05,Goa,26,Dabolim,1,2012,15293,19801,77.23
S05,Goa,27,Cortalim,1,2012,21007,26652,78.82
S05,Goa,28,Nuvem,1,2012,21612,27557,78.43
S05,Goa,29,Curtorim,1,2012,19656,26271,74.82
S05,Goa,30,Fatorda,1,2012,21475,26925,79.76
S05,Goa,31,Margao,1,2012,22172,28103,78.9
S05,Goa,32,Benaulim,1,2012,21106,28176,74.91
S05,Goa,33,Navelim,1,2012,18784,23903,78.58
S05,Goa,34,Cuncolim ,1,2012,20751,26764,77.53
S05,Goa,35,Velim,1,2012,22142,29336,75.48
S05,Goa,36,Quepem,1,2012,24885,28898,86.11
S05,Goa,37,Curchorem,1,2012,19836,23581,84.12
S05,Goa,38,Sanvordem,1,2012,23361,26305,88.81
S05,Goa,39,Sanguem,1,2012,21511,24467,87.92
S05,Goa,40,Canacona,1,2012,26590,31822,83.56
S14,Manipur,1,Khundrakpam ,1,2012,18598,22312,83.35
S14,Manipur,2,Heingang ,1,2012,23057,26694,86.38
S14,Manipur,3,Khurai ,1,2012,25895,28973,89.38
S14,Manipur,4,Kshetrigao ,1,2012,25494,28675,88.91
S14,Manipur,5,Thongju ,1,2012,24630,27476,89.64
S14,Manipur,6,Keirao ,1,2012,22899,25179,90.94
S14,Manipur,7,Andro ,1,2012,25009,28289,88.41
S14,Manipur,8,Lamlai ,1,2012,23062,24833,92.87
S14,Manipur,9,Thangmeiband ,1,2012,21303,27215,78.28
S14,Manipur,10,Uripok ,1,2012,17480,21458,81.46
S14,Manipur,11,Sagolband ,1,2012,18096,22557,80.22
S14,Manipur,12,Keishamthong ,1,2012,20953,25440,82.36
S14,Manipur,13,Singjamei ,1,2012,16076,19259,83.47
S14,Manipur,14,Yaiskul ,1,2012,19770,23579,83.85
S14,Manipur,15,Wangkhei ,1,2012,24555,30860,79.57
S14,Manipur,16,Sekmai ,1,2012,20739,23534,88.12
S14,Manipur,17,Lamsang ,1,2012,24986,27347,91.37
S14,Manipur,18,Konthoujam ,1,2012,23560,26249,89.76
S14,Manipur,19,Patsoi ,1,2012,27088,31235,86.72
S14,Manipur,20,Langthabal ,1,2012,21174,24381,86.85
S14,Manipur,21,Naoriya pakhanglakpa ,1,2012,26620,31157,85.44
S14,Manipur,22,Wangoi ,1,2012,23657,25719,91.98
S14,Manipur,23,Mayang imphal ,1,2012,23584,25575,92.22
S14,Manipur,24,Nambol ,1,2012,26724,29094,91.85
S14,Manipur,25,Oinam ,1,2012,23073,25174,91.65
S14,Manipur,26,Bishnupur ,1,2012,24085,27826,86.56
S14,Manipur,27,Moirang ,1,2012,27900,33603,83.03
S14,Manipur,28,Thanga ,1,2012,18254,20271,90.05
S14,Manipur,29,Kumbi ,1,2012,21395,24928,85.83
S14,Manipur,30,Lilong ,1,2012,25236,27849,90.62
S14,Manipur,31,Thoubal ,1,2012,23054,27236,84.65
S14,Manipur,32,Wangkhem ,1,2012,23901,26866,88.96
S14,Manipur,33,Heirok ,1,2012,25447,26503,96.02
S14,Manipur,34,Wangjing tentha ,1,2012,26829,29094,92.21
S14,Manipur,35,Khangabok ,1,2012,26964,30641,88
S14,Manipur,36,Wabgai ,1,2012,22905,24837,92.22
S14,Manipur,37,Kakching ,1,2012,20178,23746,84.97
S14,Manipur,38,Hiyanglam ,1,2012,21099,22825,92.44
S14,Manipur,39,Sugnu ,1,2012,19885,22940,86.68
S14,Manipur,40,Jiribam ,1,2012,19256,24825,77.57
S14,Manipur,41,Chandel  ,1,2012,35650,44762,79.64
S14,Manipur,42,Tengnoupal  ,1,2012,30423,49457,61.51
S14,Manipur,43,Phungyar  ,1,2012,16384,26797,61.14
S14,Manipur,44,Ukhrul  ,1,2012,22218,35987,61.74
S14,Manipur,45,Chingai  ,1,2012,26688,38018,70.2
S14,Manipur,46,Saikul  ,1,2012,20989,35629,58.91
S14,Manipur,47,Karong  ,1,2012,37647,50786,74.13
S14,Manipur,48,Mao  ,1,2012,44847,52360,85.65
S14,Manipur,49,Tadubi  ,1,2012,32486,43075,75.42
S14,Manipur,50,Kangpokpi  ,1,2012,17025,27934,60.95
S14,Manipur,51,Saitu  ,1,2012,28037,38795,72.27
S14,Manipur,52,Tamei  ,1,2012,22973,31149,73.75
S14,Manipur,53,Tamenglong  ,1,2012,18604,25103,74.11
S14,Manipur,54,Nungba  ,1,2012,16844,22586,74.58
S14,Manipur,55,Tipaimukh  ,1,2012,11192,17409,64.29
S14,Manipur,56,Thanlon  ,1,2012,8050,18452,43.63
S14,Manipur,57,Henglep  ,1,2012,17410,27288,63.8
S14,Manipur,58,Churachandpur  ,1,2012,30098,46933,64.13
S14,Manipur,59,Saikot  ,1,2012,30010,45739,65.61
S14,Manipur,60,Singhat  ,1,2012,15383,23886,64.4
S19,Punjab,1,Sujanpur ,1,2012,110996,143587,77.3
S19,Punjab,2,Bhoa,1,2012,108563,152145,71.35
S19,Punjab,3,Pathankot,1,2012,94763,130391,72.68
S19,Punjab,4,Gurdaspur ,1,2012,104743,140023,74.8
S19,Punjab,5,Dina Nagar,1,2012,124848,168395,74.14
S19,Punjab,6,Qadian,1,2012,122368,161356,75.84
S19,Punjab,7,Batala ,1,2012,119982,162353,73.9
S19,Punjab,8,Sri Hargobindpur ,1,2012,114069,154545,73.81
S19,Punjab,9,Fatehgarh Churian ,1,2012,115077,143791,80.03
S19,Punjab,10,Dera baba nanak ,1,2012,132063,163268,80.89
S19,Punjab,11,Ajnala ,1,2012,115677,138531,83.5
S19,Punjab,12,Raja sansi ,1,2012,127702,155672,82.03
S19,Punjab,13,Majitha ,1,2012,115359,142709,80.84
S19,Punjab,14,Jandiala ,1,2012,113826,154330,73.75
S19,Punjab,15,Amritsar North,1,2012,111648,163246,68.39
S19,Punjab,16,Amritsar West,1,2012,95471,166210,57.44
S19,Punjab,17,Amritsar Central,1,2012,85608,132861,64.43
S19,Punjab,18,Amritsar East,1,2012,92054,139095,66.18
S19,Punjab,19,Amritsar South,1,2012,91322,143673,63.56
S19,Punjab,20,Attari ,1,2012,112383,149281,75.28
S19,Punjab,21,Tarn taran ,1,2012,120149,156794,76.63
S19,Punjab,22,Khem karan,1,2012,148002,181219,81.67
S19,Punjab,23,Patti ,1,2012,134785,173533,77.67
S19,Punjab,24,Khadoor Sahib,1,2012,137123,171245,80.07
S19,Punjab,25,Baba bakala ,1,2012,119473,165997,71.97
S19,Punjab,26,Bholath ,1,2012,96235,118694,81.08
S19,Punjab,27,Kapurthala ,1,2012,98054,121597,80.64
S19,Punjab,28,Sultanpur lodhi ,1,2012,99185,122870,80.72
S19,Punjab,29,Phagwara ,1,2012,112879,151668,74.43
S19,Punjab,30,Phillaur ,1,2012,141599,180459,78.47
S19,Punjab,31,Nakodar ,1,2012,138299,168736,81.96
S19,Punjab,32,Shahkot ,1,2012,123744,154449,80.12
S19,Punjab,33,Kartarpur ,1,2012,115659,149410,77.41
S19,Punjab,34,Jalandhar West,1,2012,93910,136607,68.74
S19,Punjab,35,Jalandhar central,1,2012,97457,141752,68.75
S19,Punjab,36,Jalandhar North,1,2012,116291,154537,75.25
S19,Punjab,37,Jalandhar Cantt.,1,2012,114812,162593,70.61
S19,Punjab,38,Adampur ,1,2012,109818,145204,75.63
S19,Punjab,39,Mukerian ,1,2012,124348,163851,75.89
S19,Punjab,40,Dasuya,1,2012,121995,163563,74.59
S19,Punjab,41,Urmar ,1,2012,116053,153750,75.48
S19,Punjab,42,Sham chaurasi ,1,2012,112521,149726,75.15
S19,Punjab,43,Hoshiarpur ,1,2012,108882,151619,71.81
S19,Punjab,44,Chabbewal ,1,2012,105702,138706,76.21
S19,Punjab,45,Garhshankar ,1,2012,113986,152255,74.87
S19,Punjab,46,Banga ,1,2012,113736,142413,79.86
S19,Punjab,47,Nawan shahr ,1,2012,117274,146849,79.86
S19,Punjab,48,Balachaur,1,2012,102804,130905,78.53
S19,Punjab,49,Anandpur Sahib,1,2012,127385,171869,74.12
S19,Punjab,50,Rupnagar ,1,2012,114883,149952,76.61
S19,Punjab,51,Chamkaur Sahib,1,2012,132430,165992,79.78
S19,Punjab,52,Kharar,1,2012,133627,173915,76.83
S19,Punjab,53,S.A.S.Nagar ,1,2012,124724,177023,70.46
S19,Punjab,54,Bassi Pathana ,1,2012,101438,129234,78.49
S19,Punjab,55,Fatehgarh Sahib,1,2012,111618,132067,84.52
S19,Punjab,56,Amloh ,1,2012,93388,114221,81.76
S19,Punjab,57,Khanna,1,2012,117447,145113,80.93
S19,Punjab,58,Samrala,1,2012,122620,151362,81.01
S19,Punjab,59,Sahnewal ,1,2012,133981,169367,79.11
S19,Punjab,60,Ludhiana East,1,2012,107494,149607,71.85
S19,Punjab,61,Ludhiana South,1,2012,88818,128144,69.31
S19,Punjab,62,Atam Nagar,1,2012,97523,139025,70.15
S19,Punjab,63,Ludhiana central,1,2012,97274,134931,72.09
S19,Punjab,64,Ludhiana West,1,2012,110090,157997,69.68
S19,Punjab,65,Ludhiana North,1,2012,111220,161339,68.94
S19,Punjab,66,Gill ,1,2012,148790,194529,76.49
S19,Punjab,67,Payal ,1,2012,120196,145674,82.51
S19,Punjab,68,Dakha,1,2012,138363,163910,84.41
S19,Punjab,69,Raikot ,1,2012,108030,138117,78.22
S19,Punjab,70,Jagraon ,1,2012,122009,159714,76.39
S19,Punjab,71,Nihal Singh Wala  ,1,2012,138689,178386,77.75
S19,Punjab,72,Bhagha Purana,1,2012,128871,152997,84.23
S19,Punjab,73,Moga ,1,2012,134082,174531,76.82
S19,Punjab,74,Dharamkot ,1,2012,133100,159365,83.52
S19,Punjab,75,Zira,1,2012,136591,162513,84.05
S19,Punjab,76,Firozpur City,1,2012,114904,154525,74.36
S19,Punjab,77,Firozpur Rural,1,2012,136223,161204,84.5
S19,Punjab,78,Guru har sahai ,1,2012,126864,141371,89.74
S19,Punjab,79,Jalalabad,1,2012,149415,172075,86.83
S19,Punjab,80,Fazilka,1,2012,126302,146892,85.98
S19,Punjab,81,Abohar,1,2012,114903,146747,78.3
S19,Punjab,82,Balluana ,1,2012,129020,157198,82.07
S19,Punjab,83,Lambi,1,2012,122174,140066,87.23
S19,Punjab,84,Gidderbaha,1,2012,124650,140471,88.74
S19,Punjab,85,Malout,1,2012,125115,150934,82.89
S19,Punjab,86,Muktsar ,1,2012,127570,154591,82.52
S19,Punjab,87,Faridkot ,1,2012,112174,133967,83.73
S19,Punjab,88,Kotkapura ,1,2012,111535,134157,83.14
S19,Punjab,89,Jaitu ,1,2012,110881,130721,84.82
S19,Punjab,90,Rampura Phul ,1,2012,127066,145535,87.31
S19,Punjab,91,Bhucho Mandi ,1,2012,135747,160433,84.61
S19,Punjab,92,Bathinda urban,1,2012,136060,183804,74.02
S19,Punjab,93,Bathinda Rural,1,2012,110034,138147,79.65
S19,Punjab,94,Talwandi Sabo ,1,2012,114626,132671,86.4
S19,Punjab,95,Maur ,1,2012,122171,144111,84.78
S19,Punjab,96,Mansa ,1,2012,148523,182123,81.55
S19,Punjab,97,Sardulgarh ,1,2012,137708,156333,88.09
S19,Punjab,98,Budhlada ,1,2012,137132,164255,83.49
S19,Punjab,99,Lehra,1,2012,120113,140252,85.64
S19,Punjab,100,Dirba ,1,2012,130647,155975,83.76
S19,Punjab,101,Sunam ,1,2012,140374,162515,86.38
S19,Punjab,102,Bhadaur ,1,2012,113233,134667,84.08
S19,Punjab,103,Barnala ,1,2012,117733,147330,79.91
S19,Punjab,104,Mehal kalan ,1,2012,112322,138869,80.88
S19,Punjab,105,Malerkotla ,1,2012,113441,130397,87
S19,Punjab,106,Amargarh ,1,2012,117468,137734,85.29
S19,Punjab,107,Dhuri ,1,2012,112963,138461,81.58
S19,Punjab,108,Sangrur,1,2012,125239,155737,80.42
S19,Punjab,109,Nabha,1,2012,121475,155562,78.09
S19,Punjab,110,Patiala Rural,1,2012,128317,177869,72.14
S19,Punjab,111,Rajpura,1,2012,111427,146674,75.97
S19,Punjab,112,Dera bassi ,1,2012,141669,178581,79.33
S19,Punjab,113,Ghanaur,1,2012,114073,137515,82.95
S19,Punjab,114,Sanour ,1,2012,145389,176847,82.21
S19,Punjab,115,Patiala ,1,2012,95539,140314,68.09
S19,Punjab,116,Samana,1,2012,129570,152625,84.89
S19,Punjab,117,Shutrana ,1,2012,119806,147143,81.42
S24,Uttar Pradesh,1,Behat,1,2012,221139,303273,72.92
S24,Uttar Pradesh,2,Nakur,1,2012,230843,298985,77.21
S24,Uttar Pradesh,3,Saharanpur Nagar,1,2012,219734,349364,62.9
S24,Uttar Pradesh,4,Saharanpur  ,1,2012,203915,276294,73.8
S24,Uttar Pradesh,5,Deoband,1,2012,195868,292273,67.02
S24,Uttar Pradesh,6,Rampur Maniharan ,1,2012,195531,266686,73.32
S24,Uttar Pradesh,7,Gangoh,1,2012,229095,317224,72.22
S24,Uttar Pradesh,8,Kairana,1,2012,177771,269228,66.03
S24,Uttar Pradesh,9,Thana Bhawan,1,2012,175117,285142,61.41
S24,Uttar Pradesh,10,Shamli,1,2012,168304,276329,60.91
S24,Uttar Pradesh,11,Budhana,1,2012,192413,330066,58.3
S24,Uttar Pradesh,12,Charthawal,1,2012,172403,291092,59.23
S24,Uttar Pradesh,13,Purqazi ,1,2012,167467,281311,59.53
S24,Uttar Pradesh,14,Muzaffar Nagar,1,2012,169296,301726,56.11
S24,Uttar Pradesh,15,Khatauli,1,2012,170252,272214,62.54
S24,Uttar Pradesh,16,Meerapur,1,2012,168858,273236,61.8
S24,Uttar Pradesh,17,Najibabad,1,2012,187002,302715,61.77
S24,Uttar Pradesh,18,Nagina ,1,2012,182458,299391,60.94
S24,Uttar Pradesh,19,Barhapur,1,2012,202333,304956,66.35
S24,Uttar Pradesh,20,Dhampur,1,2012,161178,252629,63.8
S24,Uttar Pradesh,21,Nehtaur,1,2012,164385,257285,63.89
S24,Uttar Pradesh,22,Bijnor,1,2012,209385,317824,65.88
S24,Uttar Pradesh,23,Chandpur,1,2012,188175,278379,67.6
S24,Uttar Pradesh,24,Noorpur,1,2012,176585,269545,65.51
S24,Uttar Pradesh,25,Kanth,1,2012,200733,302267,66.41
S24,Uttar Pradesh,26,Thakurdwara,1,2012,220237,309372,71.19
S24,Uttar Pradesh,27,Moradabad Rural,1,2012,180652,305396,59.15
S24,Uttar Pradesh,28,Moradabad Nagar,1,2012,209451,388966,53.85
S24,Uttar Pradesh,29,Kundarki,1,2012,219538,309558,70.92
S24,Uttar Pradesh,30,Bilari,1,2012,189137,292315,64.7
S24,Uttar Pradesh,31,Chandausi ,1,2012,191910,315211,60.88
S24,Uttar Pradesh,32,Asmoli,1,2012,208932,297727,70.18
S24,Uttar Pradesh,33,Sambhal,1,2012,196156,295475,66.39
S24,Uttar Pradesh,34,Suar,1,2012,166795,268889,62.03
S24,Uttar Pradesh,35,Chamraua,1,2012,165402,268465,61.61
S24,Uttar Pradesh,36,Bilaspur,1,2012,194238,295959,65.63
S24,Uttar Pradesh,37,Rampur  ,1,2012,173853,318714,54.55
S24,Uttar Pradesh,38,Milak ,1,2012,180156,307708,58.55
S24,Uttar Pradesh,39,Dhanaura ,1,2012,195722,294201,66.53
S24,Uttar Pradesh,40,Naugawan Sadat,1,2012,202867,279052,72.7
S24,Uttar Pradesh,41,Amroha,1,2012,176886,265381,66.65
S24,Uttar Pradesh,42,Hasanpur,1,2012,220694,307728,71.72
S24,Uttar Pradesh,43,Siwalkhas,1,2012,188181,286449,65.69
S24,Uttar Pradesh,44,Sardhana,1,2012,214682,296297,72.46
S24,Uttar Pradesh,45,Hastinapur ,1,2012,184920,300172,61.6
S24,Uttar Pradesh,46,Kithore,1,2012,201158,303089,66.37
S24,Uttar Pradesh,47,Meerut Cantt.,1,2012,203267,346745,58.62
S24,Uttar Pradesh,48,Meerut  ,1,2012,179178,278845,64.26
S24,Uttar Pradesh,49,Meerut South,1,2012,218479,354863,61.57
S24,Uttar Pradesh,50,Chhaprauli,1,2012,145574,279600,52.07
S24,Uttar Pradesh,51,Baraut,1,2012,146392,251139,58.29
S24,Uttar Pradesh,52,Baghpat,1,2012,164943,263492,62.6
S24,Uttar Pradesh,53,Loni,1,2012,215816,358553,60.19
S24,Uttar Pradesh,54,Muradnagar,1,2012,216063,346610,62.34
S24,Uttar Pradesh,55,Sahibabad,1,2012,333657,676637,49.31
S24,Uttar Pradesh,56,Ghaziabad,1,2012,181322,335260,54.08
S24,Uttar Pradesh,57,Modi Nagar,1,2012,177263,283131,62.61
S24,Uttar Pradesh,58,Dholana,1,2012,202308,307142,65.87
S24,Uttar Pradesh,59,Hapur ,1,2012,185145,296679,62.41
S24,Uttar Pradesh,60,Garhmukteshwar,1,2012,191274,291223,65.68
S24,Uttar Pradesh,61,Noida,1,2012,209749,428259,48.98
S24,Uttar Pradesh,62,Dadri,1,2012,199436,343679,58.03
S24,Uttar Pradesh,63,Jewar,1,2012,178536,287711,62.05
S24,Uttar Pradesh,64,Sikandrabad,1,2012,205358,338407,60.68
S24,Uttar Pradesh,65,Bulandshahr,1,2012,206227,337612,61.08
S24,Uttar Pradesh,66,Syana,1,2012,208983,344713,60.63
S24,Uttar Pradesh,67,Anupshahr,1,2012,195452,328833,59.44
S24,Uttar Pradesh,68,Debai,1,2012,183338,296534,61.83
S24,Uttar Pradesh,69,Shikarpur,1,2012,185041,294460,62.84
S24,Uttar Pradesh,70,Khurja ,1,2012,210025,326538,64.32
S24,Uttar Pradesh,71,Khair ,1,2012,192613,324037,59.44
S24,Uttar Pradesh,72,Barauli,1,2012,204003,307350,66.37
S24,Uttar Pradesh,73,Atrauli,1,2012,205961,327391,62.91
S24,Uttar Pradesh,74,Chharra,1,2012,193659,304457,63.61
S24,Uttar Pradesh,75,Koil,1,2012,176423,293029,60.21
S24,Uttar Pradesh,76,Aligarh,1,2012,184825,294190,62.83
S24,Uttar Pradesh,77,Iglas ,1,2012,191135,309684,61.72
S24,Uttar Pradesh,78,Hathras ,1,2012,205498,346878,59.24
S24,Uttar Pradesh,79,Sadabad,1,2012,188349,311121,60.54
S24,Uttar Pradesh,80,Sikandra Rao,1,2012,206211,318067,64.83
S24,Uttar Pradesh,81,Chhata,1,2012,210768,302037,69.78
S24,Uttar Pradesh,82,Mant,1,2012,202634,286964,70.61
S24,Uttar Pradesh,83,Goverdhan,1,2012,183836,272700,67.41
S24,Uttar Pradesh,84,Mathura,1,2012,201702,358237,56.3
S24,Uttar Pradesh,85,Baldev ,1,2012,191652,317126,60.43
S24,Uttar Pradesh,86,Etmadpur,1,2012,235964,361756,65.23
S24,Uttar Pradesh,87,Agra Cantt. ,1,2012,208748,383405,54.45
S24,Uttar Pradesh,88,Agra South,1,2012,196785,328782,59.85
S24,Uttar Pradesh,89,Agra North,1,2012,196716,355448,55.34
S24,Uttar Pradesh,90,Agra Rural ,1,2012,200803,344002,58.37
S24,Uttar Pradesh,91,Fatehpur Sikri,1,2012,203087,307053,66.14
S24,Uttar Pradesh,92,Kheragarh,1,2012,191218,295677,64.67
S24,Uttar Pradesh,93,Fatehabad,1,2012,184141,264837,69.53
S24,Uttar Pradesh,94,Bah,1,2012,183814,306414,59.99
S24,Uttar Pradesh,95,Tundla ,1,2012,208074,326192,63.79
S24,Uttar Pradesh,96,Jasrana,1,2012,204472,305791,66.87
S24,Uttar Pradesh,97,Firozabad,1,2012,223424,353686,63.17
S24,Uttar Pradesh,98,Shikohabad,1,2012,190839,306325,62.3
S24,Uttar Pradesh,99,Sirsaganj,1,2012,186382,288186,64.67
S24,Uttar Pradesh,100,Kasganj,1,2012,190974,320619,59.56
S24,Uttar Pradesh,101,Amanpur,1,2012,159675,272887,58.51
S24,Uttar Pradesh,102,Patiyali,1,2012,176621,306382,57.65
S24,Uttar Pradesh,103,Aliganj,1,2012,199772,299641,66.67
S24,Uttar Pradesh,104,Etah,1,2012,163585,286337,57.13
S24,Uttar Pradesh,105,Marhara,1,2012,170990,268029,63.8
S24,Uttar Pradesh,106,Jalesar ,1,2012,149829,254207,58.94
S24,Uttar Pradesh,107,Mainpuri,1,2012,167432,290690,57.6
S24,Uttar Pradesh,108,Bhongaon,1,2012,172969,290766,59.49
S24,Uttar Pradesh,109,Kishani ,1,2012,153573,264153,58.14
S24,Uttar Pradesh,110,Karhal,1,2012,197371,323656,60.98
S24,Uttar Pradesh,111,Gunnaur,1,2012,201888,341367,59.14
S24,Uttar Pradesh,112,Bisauli ,1,2012,201828,348849,57.86
S24,Uttar Pradesh,113,Sahaswan,1,2012,221002,353691,62.48
S24,Uttar Pradesh,114,Bilsi,1,2012,177642,293359,60.55
S24,Uttar Pradesh,115,Badaun,1,2012,193574,313196,61.81
S24,Uttar Pradesh,116,Shekhupur,1,2012,209214,333673,62.7
S24,Uttar Pradesh,117,Dataganj,1,2012,214670,342559,62.67
S24,Uttar Pradesh,118,Baheri,1,2012,200960,289882,69.32
S24,Uttar Pradesh,119,Meerganj,1,2012,183928,277034,66.39
S24,Uttar Pradesh,120,Bhojipura,1,2012,201380,289427,69.58
S24,Uttar Pradesh,121,Nawabganj,1,2012,188395,257842,73.07
S24,Uttar Pradesh,122,Faridpur,1,2012,173360,267792,64.74
S24,Uttar Pradesh,123,Bithari Chainpur,1,2012,208328,303541,68.63
S24,Uttar Pradesh,124,Bareilly,1,2012,185948,341554,54.44
S24,Uttar Pradesh,125,Bareilly Cantt.,1,2012,153950,288754,53.32
S24,Uttar Pradesh,126,Aonla,1,2012,164624,248283,66.3
S24,Uttar Pradesh,127,Pilibhit,1,2012,225129,340050,66.2
S24,Uttar Pradesh,128,Barkhera,1,2012,196446,281531,69.78
S24,Uttar Pradesh,129,Puranpur,1,2012,223935,339409,65.98
S24,Uttar Pradesh,130,Bisalpur,1,2012,224848,315152,71.35
S24,Uttar Pradesh,131,Katra,1,2012,185549,292322,63.47
S24,Uttar Pradesh,132,Jalalabad,1,2012,201248,301417,66.77
S24,Uttar Pradesh,133,Tilhar,1,2012,196276,298950,65.66
S24,Uttar Pradesh,134,Powayan,1,2012,208077,318610,65.31
S24,Uttar Pradesh,135,Shahjahanpur,1,2012,181504,308540,58.83
S24,Uttar Pradesh,136,Dadraul,1,2012,211153,302477,69.81
S24,Uttar Pradesh,137,Palia,1,2012,203356,317617,64.03
S24,Uttar Pradesh,138,Nighasan,1,2012,206106,320502,64.31
S24,Uttar Pradesh,139,Gola Gokrannath,1,2012,222592,344128,64.68
S24,Uttar Pradesh,140,Sri Nagar ,1,2012,186650,287375,64.95
S24,Uttar Pradesh,141,Dhaurahra,1,2012,210046,307467,68.31
S24,Uttar Pradesh,142,Lakhimpur,1,2012,214153,367497,58.27
S24,Uttar Pradesh,143,Kasta ,1,2012,195516,291914,66.98
S24,Uttar Pradesh,144,Mohammdi,1,2012,200087,307243,65.12
S24,Uttar Pradesh,145,Maholi,1,2012,217712,323667,67.26
S24,Uttar Pradesh,146,Sitapur,1,2012,196811,342103,57.53
S24,Uttar Pradesh,147,Hargaon ,1,2012,192604,276435,69.67
S24,Uttar Pradesh,148,Laharpur,1,2012,193822,294892,65.73
S24,Uttar Pradesh,149,Biswan,1,2012,194908,286793,67.96
S24,Uttar Pradesh,150,Sevata,1,2012,176308,263543,66.9
S24,Uttar Pradesh,151,Mahmoodabad,1,2012,185820,263909,70.41
S24,Uttar Pradesh,152,Sidhauli ,1,2012,201164,301879,66.64
S24,Uttar Pradesh,153,Misrikh ,1,2012,187329,318150,58.88
S24,Uttar Pradesh,154,Sawaijpur,1,2012,210592,341209,61.72
S24,Uttar Pradesh,155,Shahabad,1,2012,203182,312452,65.03
S24,Uttar Pradesh,156,Hardoi,1,2012,201591,340302,59.24
S24,Uttar Pradesh,157,Gopamau ,1,2012,183739,303779,60.48
S24,Uttar Pradesh,158,Sandi ,1,2012,174171,296094,58.82
S24,Uttar Pradesh,159,Bilgram-Mallanwan,1,2012,212405,330129,64.34
S24,Uttar Pradesh,160,Balamau ,1,2012,177303,323909,54.74
S24,Uttar Pradesh,161,Sandila,1,2012,195000,308852,63.14
S24,Uttar Pradesh,162,Bangermau,1,2012,178305,296335,60.17
S24,Uttar Pradesh,163,Safipur ,1,2012,169862,289234,58.73
S24,Uttar Pradesh,164,Mohan ,1,2012,184836,287244,64.35
S24,Uttar Pradesh,165,Unnao,1,2012,182261,317227,57.45
S24,Uttar Pradesh,166,Bhagwantnagar,1,2012,207784,362916,57.25
S24,Uttar Pradesh,167,Purwa,1,2012,207809,347602,59.78
S24,Uttar Pradesh,168,Malihabad,1,2012,201422,308229,65.35
S24,Uttar Pradesh,169,Bakshi Kaa Talab,1,2012,216818,322901,67.15
S24,Uttar Pradesh,170,Sarojini Nagar,1,2012,234470,395623,59.27
S24,Uttar Pradesh,171,Lucknow West,1,2012,170057,340251,49.98
S24,Uttar Pradesh,172,Lucknow North,1,2012,169260,336777,50.26
S24,Uttar Pradesh,173,Lucknow East,1,2012,189335,356340,53.13
S24,Uttar Pradesh,174,Lucknow Central,1,2012,169133,331971,50.95
S24,Uttar Pradesh,175,Lucknow Cantt.,1,2012,162167,320755,50.56
S24,Uttar Pradesh,176,Mohanlalganj ,1,2012,207525,320671,64.72
S24,Uttar Pradesh,177,Bachhrawan ,1,2012,183737,292118,62.9
S24,Uttar Pradesh,178,Tiloi,1,2012,184950,312629,59.16
S24,Uttar Pradesh,179,Harchandpur,1,2012,165131,275636,59.91
S24,Uttar Pradesh,180,Rae Bareli,1,2012,190331,316564,60.12
S24,Uttar Pradesh,181,Salon ,1,2012,171353,309713,55.33
S24,Uttar Pradesh,182,Sareni,1,2012,186710,318439,58.63
S24,Uttar Pradesh,183,Unchahar,1,2012,186707,287966,64.84
S24,Uttar Pradesh,184,Jagdishpur ,1,2012,172990,321645,53.78
S24,Uttar Pradesh,185,Gauriganj,1,2012,181838,309472,58.76
S24,Uttar Pradesh,186,Amethi,1,2012,163051,296160,55.06
S24,Uttar Pradesh,187,Isauli,1,2012,170983,304352,56.18
S24,Uttar Pradesh,188,Sultanpur,1,2012,181970,316190,57.55
S24,Uttar Pradesh,189,Sadar,1,2012,167947,280731,59.82
S24,Uttar Pradesh,190,Lambhua,1,2012,181142,302057,59.97
S24,Uttar Pradesh,191,Kadipur ,1,2012,190490,319691,59.59
S24,Uttar Pradesh,192,Kaimganj ,1,2012,195490,332545,58.79
S24,Uttar Pradesh,193,Amritpur,1,2012,158571,269064,58.93
S24,Uttar Pradesh,194,Farrukhabad,1,2012,174332,316062,55.16
S24,Uttar Pradesh,195,Bhojpur,1,2012,172330,287622,59.92
S24,Uttar Pradesh,196,Chhibramau,1,2012,224579,389276,57.69
S24,Uttar Pradesh,197,Tirwa,1,2012,187182,326716,57.29
S24,Uttar Pradesh,198,Kannauj ,1,2012,207552,362326,57.28
S24,Uttar Pradesh,199,Jaswantnagar,1,2012,215791,336058,64.21
S24,Uttar Pradesh,200,Etawah,1,2012,200362,339750,58.97
S24,Uttar Pradesh,201,Bharthana ,1,2012,209391,365389,57.31
S24,Uttar Pradesh,202,Bidhuna,1,2012,200325,331702,60.39
S24,Uttar Pradesh,203,Dibiyapur,1,2012,177215,286207,61.92
S24,Uttar Pradesh,204,Auraiya ,1,2012,173952,301672,57.66
S24,Uttar Pradesh,205,Rasulabad ,1,2012,169722,284141,59.73
S24,Uttar Pradesh,206,Akbarpur - Raniya,1,2012,186901,287578,64.99
S24,Uttar Pradesh,207,Sikandra,1,2012,182471,296788,61.48
S24,Uttar Pradesh,208,Bhognipur,1,2012,196439,305598,64.28
S24,Uttar Pradesh,209,Bilhaur,1,2012,215082,349837,61.48
S24,Uttar Pradesh,210,Bithoor,1,2012,204978,329388,62.23
S24,Uttar Pradesh,211,Kalyanpur,1,2012,149456,302717,49.37
S24,Uttar Pradesh,212,Govindnagar,1,2012,161773,328738,49.21
S24,Uttar Pradesh,213,Sishamau,1,2012,133995,257847,51.97
S24,Uttar Pradesh,214,Arya Nagar,1,2012,125722,252497,49.79
S24,Uttar Pradesh,215,Kidwai Nagar,1,2012,177032,325432,54.4
S24,Uttar Pradesh,216,Kanpur Cantt.,1,2012,144352,297863,48.46
S24,Uttar Pradesh,217,Maharajpur,1,2012,218857,389734,56.16
S24,Uttar Pradesh,218,Ghatampur ,1,2012,177558,304897,58.24
S24,Uttar Pradesh,219,Madhaugarh,1,2012,251150,407862,61.58
S24,Uttar Pradesh,220,Kalpi,1,2012,222566,354615,62.76
S24,Uttar Pradesh,221,Orai ,1,2012,237446,411457,57.71
S24,Uttar Pradesh,222,Babina,1,2012,199400,289902,68.78
S24,Uttar Pradesh,223,Jhansi Nagar,1,2012,213823,374928,57.03
S24,Uttar Pradesh,224,Mauranipur ,1,2012,232942,360095,64.69
S24,Uttar Pradesh,225,Garautha,1,2012,207734,314212,66.11
S24,Uttar Pradesh,226,Lalitpur,1,2012,274624,390258,70.37
S24,Uttar Pradesh,227,Mehroni ,1,2012,273247,363660,75.14
S24,Uttar Pradesh,228,Hamirpur,1,2012,231177,385473,59.97
S24,Uttar Pradesh,229,Rath ,1,2012,225550,384949,58.59
S24,Uttar Pradesh,230,Mahoba,1,2012,175036,279597,62.6
S24,Uttar Pradesh,231,Charkhari,1,2012,192629,313564,61.43
S24,Uttar Pradesh,232,Tindwari,1,2012,162363,281863,57.6
S24,Uttar Pradesh,233,Baberu,1,2012,172336,305982,56.32
S24,Uttar Pradesh,234,Naraini ,1,2012,173265,295509,58.63
S24,Uttar Pradesh,235,Banda,1,2012,154199,281085,54.86
S24,Uttar Pradesh,236,Chitrakoot,1,2012,182444,301262,60.56
S24,Uttar Pradesh,237,Manikpur,1,2012,166278,276314,60.18
S24,Uttar Pradesh,238,Jahanabad,1,2012,177707,283309,62.73
S24,Uttar Pradesh,239,Bindki,1,2012,175957,286224,61.48
S24,Uttar Pradesh,240,Fatehpur   ,1,2012,186163,316050,58.9
S24,Uttar Pradesh,241,Ayah Shah,1,2012,145974,247607,58.95
S24,Uttar Pradesh,242,Husainganj,1,2012,171572,274311,62.55
S24,Uttar Pradesh,243,Khaga,1,2012,175962,304956,57.7
S24,Uttar Pradesh,244,Rampur Khas,1,2012,151513,283912,53.37
S24,Uttar Pradesh,245,Babaganj,1,2012,141231,281898,50.1
S24,Uttar Pradesh,246,Kunda,1,2012,164467,315457,52.14
S24,Uttar Pradesh,247,Bishwavnathganj,1,2012,182736,350109,52.19
S24,Uttar Pradesh,248,Pratapgarh,1,2012,169713,307047,55.27
S24,Uttar Pradesh,249,Patti,1,2012,191266,325531,58.76
S24,Uttar Pradesh,250,Raniganj,1,2012,162608,298803,54.42
S24,Uttar Pradesh,251,Sirathu,1,2012,191434,325109,58.88
S24,Uttar Pradesh,252,Manjhanpur ,1,2012,208550,350664,59.47
S24,Uttar Pradesh,253,Chail,1,2012,178780,332357,53.79
S24,Uttar Pradesh,254,Phaphamau,1,2012,178094,308348,57.76
S24,Uttar Pradesh,255,Soraon ,1,2012,186537,316484,58.94
S24,Uttar Pradesh,256,Phulpur,1,2012,188138,314041,59.91
S24,Uttar Pradesh,257,Pratappur,1,2012,183131,318863,57.43
S24,Uttar Pradesh,258,Handia,1,2012,182416,319563,57.08
S24,Uttar Pradesh,259,Meja,1,2012,157846,281725,56.03
S24,Uttar Pradesh,260,Karachhana,1,2012,179352,305582,58.69
S24,Uttar Pradesh,261,Allahabad West,1,2012,177316,342693,51.74
S24,Uttar Pradesh,262,Allahabad North,1,2012,145156,354924,40.9
S24,Uttar Pradesh,263,Allahabad South,1,2012,146177,324481,45.05
S24,Uttar Pradesh,264,Bara ,1,2012,172634,292265,59.07
S24,Uttar Pradesh,265,Koraon ,1,2012,180519,292755,61.66
S24,Uttar Pradesh,266,Kursi,1,2012,234653,347743,67.48
S24,Uttar Pradesh,267,Ram Nagar,1,2012,201816,297099,67.93
S24,Uttar Pradesh,268,Barabanki,1,2012,213127,331731,64.25
S24,Uttar Pradesh,269,Zaidpur ,1,2012,227683,343197,66.34
S24,Uttar Pradesh,270,Dariyabad,1,2012,235705,358346,65.78
S24,Uttar Pradesh,271,Rudauli,1,2012,187356,309316,60.57
S24,Uttar Pradesh,272,Haidergarh ,1,2012,188487,319107,59.07
S24,Uttar Pradesh,273,Milkipur ,1,2012,174719,314952,55.47
S24,Uttar Pradesh,274,Bikapur,1,2012,201751,332607,60.66
S24,Uttar Pradesh,275,Ayodhya,1,2012,192309,316722,60.72
S24,Uttar Pradesh,276,Goshainganj,1,2012,209137,345742,60.49
S24,Uttar Pradesh,277,Katehari,1,2012,202141,331575,60.96
S24,Uttar Pradesh,278,Tanda,1,2012,176006,274546,64.11
S24,Uttar Pradesh,279,Alapur ,1,2012,165852,284535,58.29
S24,Uttar Pradesh,280,Jalalpur,1,2012,212879,345001,61.7
S24,Uttar Pradesh,281,Akbarpur  ,1,2012,177658,268672,66.12
S24,Uttar Pradesh,282,Balha ,1,2012,177220,290660,60.97
S24,Uttar Pradesh,283,Nanpara,1,2012,164712,280121,58.8
S24,Uttar Pradesh,284,Matera,1,2012,160234,266769,60.06
S24,Uttar Pradesh,285,Mahasi,1,2012,161994,261811,61.87
S24,Uttar Pradesh,286,Bahraich,1,2012,172069,306036,56.23
S24,Uttar Pradesh,287,Payagpur,1,2012,187277,303750,61.65
S24,Uttar Pradesh,288,Kaiserganj,1,2012,186737,323269,57.77
S24,Uttar Pradesh,289,Bhinga,1,2012,206073,319488,64.5
S24,Uttar Pradesh,290,Shrawasti,1,2012,196976,336973,58.45
S24,Uttar Pradesh,291,Tulsipur,1,2012,170534,328190,51.96
S24,Uttar Pradesh,292,Gainsari,1,2012,168172,299438,56.16
S24,Uttar Pradesh,293,Utraula,1,2012,168249,358345,46.95
S24,Uttar Pradesh,294,Balrampur ,1,2012,162657,356376,45.64
S24,Uttar Pradesh,295,Mehnaun,1,2012,178979,318737,56.15
S24,Uttar Pradesh,296,Gonda,1,2012,166840,297561,56.07
S24,Uttar Pradesh,297,Katra Bazar,1,2012,196164,321856,60.95
S24,Uttar Pradesh,298,Colonelganj,1,2012,156168,282991,55.18
S24,Uttar Pradesh,299,Tarabganj,1,2012,186193,322836,57.67
S24,Uttar Pradesh,300,Mankapur ,1,2012,156084,288503,54.1
S24,Uttar Pradesh,301,Gaura,1,2012,163862,291934,56.13
S24,Uttar Pradesh,302,Shohratgarh,1,2012,164325,305453,53.8
S24,Uttar Pradesh,303,Kapilvastu ,1,2012,190196,383741,49.56
S24,Uttar Pradesh,304,Bansi,1,2012,168476,322865,52.18
S24,Uttar Pradesh,305,Itwa,1,2012,147428,282321,52.22
S24,Uttar Pradesh,306,Doomariyaganj,1,2012,176777,343233,51.5
S24,Uttar Pradesh,307,Harraiya,1,2012,194838,330223,59
S24,Uttar Pradesh,308,Kaptanganj,1,2012,187005,313448,59.66
S24,Uttar Pradesh,309,Rudhauli,1,2012,203111,356501,56.97
S24,Uttar Pradesh,310,Basti Sadar,1,2012,181248,310944,58.29
S24,Uttar Pradesh,311,Mahadewa ,1,2012,181573,319344,56.86
S24,Uttar Pradesh,312,Menhdawal,1,2012,207533,402457,51.57
S24,Uttar Pradesh,313,Khalilabad,1,2012,206836,381587,54.2
S24,Uttar Pradesh,314,Dhanghata ,1,2012,186629,337494,55.3
S24,Uttar Pradesh,315,Pharenda,1,2012,182331,303960,59.99
S24,Uttar Pradesh,316,Nautanwa,1,2012,188959,306732,61.6
S24,Uttar Pradesh,317,Siswa,1,2012,217312,344924,63
S24,Uttar Pradesh,318,Maharajganj ,1,2012,216282,353007,61.27
S24,Uttar Pradesh,319,Paniyara,1,2012,211269,362171,58.33
S24,Uttar Pradesh,320,Caimpiyarganj,1,2012,196306,336537,58.33
S24,Uttar Pradesh,321,Pipraich,1,2012,199949,334828,59.72
S24,Uttar Pradesh,322,Gorakhpur Urban,1,2012,164984,357155,46.19
S24,Uttar Pradesh,323,Gorakhpur Rural,1,2012,187984,340646,55.18
S24,Uttar Pradesh,324,Sahajanwa,1,2012,179985,320761,56.11
S24,Uttar Pradesh,325,Khajani ,1,2012,165074,325282,50.75
S24,Uttar Pradesh,326,Chauri-Chaura,1,2012,169696,316839,53.56
S24,Uttar Pradesh,327,Bansgaon,1,2012,150635,328600,45.84
S24,Uttar Pradesh,328,Chillupar,1,2012,200094,400304,49.99
S24,Uttar Pradesh,329,Khadda,1,2012,170104,279835,60.79
S24,Uttar Pradesh,330,Padrauna,1,2012,188288,323500,58.2
S24,Uttar Pradesh,331,Tamkuhi Raj,1,2012,196990,348308,56.56
S24,Uttar Pradesh,332,Fazilnagar,1,2012,188075,340081,55.3
S24,Uttar Pradesh,333,Kushinagar,1,2012,179696,324165,55.43
S24,Uttar Pradesh,334,Hata,1,2012,185412,325984,56.88
S24,Uttar Pradesh,335,Ramkola,1,2012,168853,309460,54.56
S24,Uttar Pradesh,336,Rudrapur,1,2012,154734,299091,51.73
S24,Uttar Pradesh,337,Deoria,1,2012,166497,325849,51.1
S24,Uttar Pradesh,338,Pathardeva,1,2012,181668,326794,55.59
S24,Uttar Pradesh,339,Rampur Karkhana,1,2012,177718,336988,52.74
S24,Uttar Pradesh,340,Bhatpar Rani,1,2012,157514,302692,52.04
S24,Uttar Pradesh,341,Salempur,1,2012,141710,308479,45.94
S24,Uttar Pradesh,342,Barhaj,1,2012,154858,287442,53.87
S24,Uttar Pradesh,343,Atrauliya,1,2012,186395,323579,57.6
S24,Uttar Pradesh,344,Gopalpur,1,2012,163086,301156,54.15
S24,Uttar Pradesh,345,Sagri,1,2012,156046,293528,53.16
S24,Uttar Pradesh,346,Mubarakpur,1,2012,171589,292211,58.72
S24,Uttar Pradesh,347,Azamgarh,1,2012,185822,341273,54.45
S24,Uttar Pradesh,348,Nizamabad,1,2012,151454,290045,52.22
S24,Uttar Pradesh,349,Phoolpur Pawai,1,2012,163153,287163,56.82
S24,Uttar Pradesh,350,Didarganj,1,2012,176045,322374,54.61
S24,Uttar Pradesh,351,Lalganj,1,2012,178560,355553,50.22
S24,Uttar Pradesh,352,Mehnagar ,1,2012,179612,357156,50.29
S24,Uttar Pradesh,353,Madhuban,1,2012,185255,340905,54.34
S24,Uttar Pradesh,354,Ghosi,1,2012,207748,367099,56.59
S24,Uttar Pradesh,355,Muhammadabad- Gohna (SC),1,2012,182280,332269,54.86
S24,Uttar Pradesh,356,Mau,1,2012,224753,385841,58.25
S24,Uttar Pradesh,357,Belthara Road ,1,2012,170952,312704,54.67
S24,Uttar Pradesh,358,Rasara,1,2012,181256,305817,59.27
S24,Uttar Pradesh,359,Sikanderpur,1,2012,158702,288735,54.96
S24,Uttar Pradesh,360,Phephana,1,2012,169740,305631,55.54
S24,Uttar Pradesh,361,Ballia Nagar,1,2012,169465,348334,48.65
S24,Uttar Pradesh,362,Bansdih,1,2012,193410,359415,53.81
S24,Uttar Pradesh,363,Bairia,1,2012,143601,323662,44.37
S24,Uttar Pradesh,364,Badlapur,1,2012,176899,317614,55.7
S24,Uttar Pradesh,365,Shahganj,1,2012,196073,336002,58.35
S24,Uttar Pradesh,366,Jaunpur,1,2012,200631,363742,55.16
S24,Uttar Pradesh,367,Malhani,1,2012,194580,333683,58.31
S24,Uttar Pradesh,368,Mungra Badshahpur,1,2012,187139,334767,55.9
S24,Uttar Pradesh,369,Machhlishahr ,1,2012,187787,357038,52.6
S24,Uttar Pradesh,370,Mariyahu,1,2012,166415,303556,54.82
S24,Uttar Pradesh,371,Zafrabad,1,2012,194690,355321,54.79
S24,Uttar Pradesh,372,Kerakat ,1,2012,209233,405843,51.56
S24,Uttar Pradesh,373,Jakhanian ,1,2012,202521,370420,54.67
S24,Uttar Pradesh,374,Saidpur ,1,2012,186490,328368,56.79
S24,Uttar Pradesh,375,Ghazipur,1,2012,187664,304680,61.59
S24,Uttar Pradesh,376,Jangipur,1,2012,185775,311256,59.69
S24,Uttar Pradesh,377,Zahoorabad,1,2012,202914,346168,58.62
S24,Uttar Pradesh,378,Mohammadabad,1,2012,204656,368712,55.51
S24,Uttar Pradesh,379,Zamania,1,2012,200905,365519,54.96
S24,Uttar Pradesh,380,Mughalsarai,1,2012,187323,316471,59.19
S24,Uttar Pradesh,381,Sakaldiha,1,2012,184689,294992,62.61
S24,Uttar Pradesh,382,Saiyadraja,1,2012,176221,299216,58.89
S24,Uttar Pradesh,383,Chakia ,1,2012,208756,334137,62.48
S24,Uttar Pradesh,384,Pindra,1,2012,180371,319792,56.4
S24,Uttar Pradesh,385,Ajagara ,1,2012,186223,310116,60.05
S24,Uttar Pradesh,386,Shivpur,1,2012,184298,292562,62.99
S24,Uttar Pradesh,387,Rohaniya,1,2012,191297,316973,60.35
S24,Uttar Pradesh,388,Varanasi North,1,2012,181475,346724,52.34
S24,Uttar Pradesh,389,Varanasi South,1,2012,151401,272845,55.49
S24,Uttar Pradesh,390,Varanasi Cantt.,1,2012,180798,349472,51.73
S24,Uttar Pradesh,391,Sevapuri,1,2012,178469,286384,62.32
S24,Uttar Pradesh,392,Bhadohi,1,2012,209135,380739,54.93
S24,Uttar Pradesh,393,Gyanpur,1,2012,177656,320964,55.35
S24,Uttar Pradesh,394,Aurai ,1,2012,177548,330121,53.78
S24,Uttar Pradesh,395,Chhanbey ,1,2012,185476,312044,59.44
S24,Uttar Pradesh,396,Mirzapur,1,2012,189259,335079,56.48
S24,Uttar Pradesh,397,Majhawan,1,2012,211157,334214,63.18
S24,Uttar Pradesh,398,Chunar,1,2012,185063,301836,61.31
S24,Uttar Pradesh,399,Marihan,1,2012,214050,318993,67.1
S24,Uttar Pradesh,400,Ghorawal,1,2012,206048,319343,64.52
S24,Uttar Pradesh,401,Robertsganj,1,2012,164891,274324,60.11
S24,Uttar Pradesh,402,Obra,1,2012,144101,285228,50.52
S24,Uttar Pradesh,403,Duddhi ,1,2012,159237,272517,58.43
S28,Uttarakhand,1,Purola,1,2012,45536,58640,77.65
S28,Uttarakhand,2,Yamunotri,1,2012,44004,61863,71.13
S28,Uttarakhand,3,Gangotri,1,2012,50560,71433,70.78
S28,Uttarakhand,4,Badrinath,1,2012,55246,85758,64.42
S28,Uttarakhand,5,Tharali,1,2012,53380,90407,59.04
S28,Uttarakhand,6,Karnprayag,1,2012,49415,83807,58.96
S28,Uttarakhand,7,Kedarnath,1,2012,49329,75489,65.35
S28,Uttarakhand,8,Rudraprayag,1,2012,53326,85984,62.02
S28,Uttarakhand,9,Ghanshali,1,2012,41438,77119,53.73
S28,Uttarakhand,10,Deoprayag,1,2012,40276,71105,56.64
S28,Uttarakhand,11,Narendranagar,1,2012,49005,75506,64.9
S28,Uttarakhand,12,Pratapnagar,1,2012,38766,73031,53.08
S28,Uttarakhand,13,Tehri,1,2012,40586,71981,56.38
S28,Uttarakhand,14,Dhanolti,1,2012,45814,67079,68.3
S28,Uttarakhand,15,Chakrata,1,2012,65673,86876,75.59
S28,Uttarakhand,16,Vikasnagar,1,2012,67806,93524,72.5
S28,Uttarakhand,17,Sahaspur,1,2012,83437,111900,74.56
S28,Uttarakhand,18,Dharampur,1,2012,75255,120998,62.2
S28,Uttarakhand,19,Raipur,1,2012,76613,120008,63.84
S28,Uttarakhand,20,Rajpur Road,1,2012,60246,98988,60.86
S28,Uttarakhand,21,Dehradun Cantt.,1,2012,63025,102402,61.55
S28,Uttarakhand,22,Mussoorie,1,2012,63402,102702,61.73
S28,Uttarakhand,23,Doiwala,1,2012,76541,107015,71.52
S28,Uttarakhand,24,Rishikesh,1,2012,81166,119646,67.84
S28,Uttarakhand,25,Hardwar,1,2012,82519,121669,67.82
S28,Uttarakhand,26,B.H.E.L. ranipur,1,2012,78098,113343,68.9
S28,Uttarakhand,27,Jwalapur,1,2012,70440,90228,78.07
S28,Uttarakhand,28,Bhagwanpur,1,2012,78559,98545,79.72
S28,Uttarakhand,29,Jhabrera,1,2012,69346,95231,72.82
S28,Uttarakhand,30,Pirankaliyar,1,2012,73867,91933,80.35
S28,Uttarakhand,31,Roorkee,1,2012,61372,96239,63.77
S28,Uttarakhand,32,Khanpur,1,2012,87891,111521,78.81
S28,Uttarakhand,33,Manglore,1,2012,72602,91769,79.11
S28,Uttarakhand,34,Laksar,1,2012,65900,80150,82.22
S28,Uttarakhand,35,Hardwar Rural,1,2012,77672,96902,80.16
S28,Uttarakhand,36,Yamkeshwar,1,2012,43326,78147,55.44
S28,Uttarakhand,37,Pauri,1,2012,45549,85182,53.47
S28,Uttarakhand,38,Srinagar,1,2012,54927,92823,59.17
S28,Uttarakhand,39,Chaubattakhal,1,2012,44078,86551,50.93
S28,Uttarakhand,40,Lansdowne,1,2012,40012,76445,52.34
S28,Uttarakhand,41,Kotdwar,1,2012,62315,87222,71.44
S28,Uttarakhand,42,Dharchula,1,2012,47757,72755,65.64
S28,Uttarakhand,43,Didihat,1,2012,45410,75458,60.18
S28,Uttarakhand,44,Pithoragarh,1,2012,57138,87580,65.24
S28,Uttarakhand,45,Gangolihat,1,2012,48849,88073,55.46
S28,Uttarakhand,46,Kapkote,1,2012,51637,85489,60.4
S28,Uttarakhand,47,Bageshwar,1,2012,60150,99035,60.74
S28,Uttarakhand,48,Dwarahat,1,2012,43666,84170,51.88
S28,Uttarakhand,49,Salt,1,2012,46942,90303,51.98
S28,Uttarakhand,50,Ranikhet,1,2012,39512,74031,53.37
S28,Uttarakhand,51,Someshwar,1,2012,43842,75643,57.96
S28,Uttarakhand,52,Almora,1,2012,47589,78503,60.62
S28,Uttarakhand,53,Jageshwar,1,2012,46674,81998,56.92
S28,Uttarakhand,54,Lohaghat,1,2012,51559,93567,55.1
S28,Uttarakhand,55,Champawat,1,2012,50187,76311,65.77
S28,Uttarakhand,56,Lalkuwa,1,2012,67494,90260,74.78
S28,Uttarakhand,57,Bhimtal,1,2012,56892,86901,65.47
S28,Uttarakhand,58,Nainital,1,2012,51444,94360,54.52
S28,Uttarakhand,59,Haldwani,1,2012,80664,114739,70.3
S28,Uttarakhand,60,Kaladhungi,1,2012,78730,113325,69.47
S28,Uttarakhand,61,Ramnagar,1,2012,64472,90668,71.11
S28,Uttarakhand,62,Jaspur,1,2012,76584,98839,77.48
S28,Uttarakhand,63,Kashipur,1,2012,81965,117999,69.46
S28,Uttarakhand,64,Bajpur,1,2012,83901,109343,76.73
S28,Uttarakhand,65,Gadarpur,1,2012,84797,103062,82.28
S28,Uttarakhand,66,Rudrapur,1,2012,93836,119500,78.52
S28,Uttarakhand,67,Kichha,1,2012,72962,95287,76.57
S28,Uttarakhand,68,Sitarganj,1,2012,73813,91480,80.69
S28,Uttarakhand,69,Nanak matta,1,2012,67398,90386,74.57
S28,Uttarakhand,70,Khatima,1,2012,68835,91104,75.56
S06,Gujarat,1,Abdasa,12,2012,143507,195191,73.52
S06,Gujarat,2,Mandvi,12,2012,139659,193772,72.07
S06,Gujarat,3,Bhuj,12,2012,154017,223986,68.76
S06,Gujarat,4,Anjar,12,2012,137529,191018,72
S06,Gujarat,5,Gandhidham,12,2012,138389,225734,61.31
S06,Gujarat,6,Rapar,12,2012,118161,188320,62.74
S06,Gujarat,7,Vav,12,2012,175883,226005,77.82
S06,Gujarat,8,Tharad,12,2012,161800,189236,85.5
S06,Gujarat,9,Dhanera,12,2012,158733,206586,76.84
S06,Gujarat,10,Danta,12,2012,145752,194468,74.95
S06,Gujarat,11,Vadgam,12,2012,168988,233827,72.27
S06,Gujarat,12,Palanpur,12,2012,157569,221291,71.2
S06,Gujarat,13,Deesa,12,2012,155810,221756,70.26
S06,Gujarat,14,Deodar,12,2012,155826,189642,82.17
S06,Gujarat,15,Kankrej,12,2012,163751,228272,71.74
S06,Gujarat,16,Radhanpur,12,2012,151408,220253,68.74
S06,Gujarat,17,Chanasma,12,2012,160902,229411,70.14
S06,Gujarat,18,Patan,12,2012,163948,232141,70.62
S06,Gujarat,19,SIDDHPUR,12,2012,161860,209073,77.42
S06,Gujarat,20,Kheralu,12,2012,126903,177837,71.36
S06,Gujarat,21,Unjha,12,2012,135887,193641,70.17
S06,Gujarat,22,Visnagar,12,2012,141242,187953,75.15
S06,Gujarat,23,Becharaji,12,2012,153245,203089,75.46
S06,Gujarat,24,Kadi,12,2012,177120,227599,77.82
S06,Gujarat,25,Mahesana,12,2012,163420,216292,75.56
S06,Gujarat,26,Vijapur,12,2012,143715,189543,75.82
S06,Gujarat,27,Himatnagar,12,2012,174855,218357,80.08
S06,Gujarat,28,Idar,12,2012,183205,230919,79.34
S06,Gujarat,29,Khedbrahma,12,2012,149268,197033,75.76
S06,Gujarat,30,Bhiloda,12,2012,175848,239406,73.45
S06,Gujarat,31,Modasa,12,2012,165029,216158,76.35
S06,Gujarat,32,Bayad,12,2012,154050,200799,76.72
S06,Gujarat,33,Prantij,12,2012,159203,211715,75.2
S06,Gujarat,34,Dehgam,12,2012,128666,174202,73.86
S06,Gujarat,35,Gandhinagar South,12,2012,177692,241907,73.45
S06,Gujarat,36,Gandhinagar North,12,2012,149822,203934,73.47
S06,Gujarat,37,Mansa,12,2012,155565,192714,80.72
S06,Gujarat,38,Kalol,12,2012,143158,187273,76.44
S06,Gujarat,39,Viramgam,12,2012,161100,241217,66.79
S06,Gujarat,40,Sanand,12,2012,153891,207337,74.22
S06,Gujarat,41,Ghatlodia,12,2012,207757,286157,72.6
S06,Gujarat,42,Vejalpur,12,2012,195162,273428,71.38
S06,Gujarat,43,Vatva,12,2012,159483,230317,69.24
S06,Gujarat,44,Ellisbridge,12,2012,151222,223386,67.7
S06,Gujarat,45,Naranpura,12,2012,150295,213865,70.28
S06,Gujarat,46,Nikol,12,2012,144001,212460,67.78
S06,Gujarat,47,Naroda,12,2012,145491,222136,65.5
S06,Gujarat,48,Thakkarbapa Nagar,12,2012,140972,205544,68.58
S06,Gujarat,49,Bapunagar,12,2012,112834,167009,67.56
S06,Gujarat,50,Amraiwadi,12,2012,161348,243542,66.25
S06,Gujarat,51,Dariapur,12,2012,124107,175647,70.66
S06,Gujarat,52,Jamalpur - Khadia,12,2012,124417,182446,68.19
S06,Gujarat,53,Maninagar,12,2012,159913,228078,70.11
S06,Gujarat,54,Danilimda,12,2012,137925,201451,68.47
S06,Gujarat,55,Sabarmati,12,2012,151999,215978,70.38
S06,Gujarat,56,Asarwa,12,2012,125360,184767,67.85
S06,Gujarat,57,Daskroi,12,2012,174045,242147,71.88
S06,Gujarat,58,Dholka,12,2012,144486,203760,70.91
S06,Gujarat,59,Dhandhuka,12,2012,138488,214334,64.61
S06,Gujarat,60,Dasada,12,2012,133254,204887,65.04
S06,Gujarat,61,Limbdi,12,2012,158200,226369,69.89
S06,Gujarat,62,Wadhwan,12,2012,161631,231001,69.97
S06,Gujarat,63,Chotila,12,2012,143854,200359,71.8
S06,Gujarat,64,Dhrangadhra,12,2012,184049,243687,75.53
S06,Gujarat,65,Morbi,12,2012,161183,219462,73.44
S06,Gujarat,66,Tankara,12,2012,150173,196679,76.35
S06,Gujarat,67,Wankaner,12,2012,152380,204605,74.48
S06,Gujarat,68,Rajkot East,12,2012,145066,210217,69.01
S06,Gujarat,69,Rajkot West,12,2012,166970,262484,63.61
S06,Gujarat,70,Rajkot South,12,2012,136938,211819,64.65
S06,Gujarat,71,Rajkot Rural,12,2012,149565,224209,66.71
S06,Gujarat,72,Jasdan,12,2012,164457,202511,81.21
S06,Gujarat,73,Gondal,12,2012,148369,193002,76.87
S06,Gujarat,74,Jetpur,12,2012,169988,231237,73.51
S06,Gujarat,75,Dhoraji,12,2012,164045,231498,70.86
S06,Gujarat,76,Kalavad S.C.,12,2012,134442,194894,68.98
S06,Gujarat,77,Jamnagar Rural,12,2012,135227,186173,72.64
S06,Gujarat,78,Jamnagar North,12,2012,122001,182733,66.76
S06,Gujarat,79,Jamnagar South,12,2012,121128,184141,65.78
S06,Gujarat,80,Jamjodhpur,12,2012,136031,180661,75.3
S06,Gujarat,81,Khambhalia,12,2012,157837,230992,68.33
S06,Gujarat,82,Dwarka,12,2012,148381,224030,66.23
S06,Gujarat,83,Porbandar,12,2012,146019,212580,68.69
S06,Gujarat,84,Kutiyana,12,2012,115350,178111,64.76
S06,Gujarat,85,Manavadar,12,2012,159135,217644,73.12
S06,Gujarat,86,Junagadh,12,2012,143695,231603,62.04
S06,Gujarat,87,Visavadar,12,2012,148736,224348,66.3
S06,Gujarat,88,Keshod,12,2012,134039,201298,66.59
S06,Gujarat,89,Mangrol,12,2012,128541,181109,70.97
S06,Gujarat,90,Somnath,12,2012,157925,205796,76.74
S06,Gujarat,91,TALALA,12,2012,141184,182591,77.32
S06,Gujarat,92,Kodinar,12,2012,129761,184653,70.27
S06,Gujarat,93,Una,12,2012,148211,205503,72.12
S06,Gujarat,94,Dhari,12,2012,130687,194517,67.19
S06,Gujarat,95,Amreli,12,2012,170143,248461,68.48
S06,Gujarat,96,Lathi,12,2012,130661,184891,70.67
S06,Gujarat,97,Savarkundla,12,2012,131505,211793,62.09
S06,Gujarat,98,Rajula,12,2012,148961,209654,71.05
S06,Gujarat,99,Mahuva,12,2012,121740,181028,67.25
S06,Gujarat,100,Talaja,12,2012,127036,190949,66.53
S06,Gujarat,101,Gariadhar,12,2012,119310,183272,65.1
S06,Gujarat,102,Palitana,12,2012,158462,223839,70.79
S06,Gujarat,103,Bhavnagar Rural,12,2012,168688,221286,76.23
S06,Gujarat,104,Bhavnagar East,12,2012,144642,211903,68.26
S06,Gujarat,105,Bhavnagar West,12,2012,139070,205170,67.78
S06,Gujarat,106,Gadhada,12,2012,145273,221055,65.72
S06,Gujarat,107,Botad,12,2012,177874,224430,79.26
S06,Gujarat,108,Khambhat,12,2012,143234,194515,73.64
S06,Gujarat,109,Borsad,12,2012,155875,211667,73.64
S06,Gujarat,110,Anklav,12,2012,140957,179414,78.57
S06,Gujarat,111,Umreth,12,2012,161434,216999,74.39
S06,Gujarat,112,Anand,12,2012,171360,231778,73.93
S06,Gujarat,113,Petlad,12,2012,150670,196394,76.72
S06,Gujarat,114,Sojitra,12,2012,138376,177139,78.12
S06,Gujarat,115,Matar,12,2012,152785,201690,75.75
S06,Gujarat,116,Nadiad,12,2012,151683,223648,67.82
S06,Gujarat,117,Mehmedabad,12,2012,152076,202296,75.17
S06,Gujarat,118,Mahudha,12,2012,139068,198231,70.15
S06,Gujarat,119,Thasra,12,2012,163275,227258,71.85
S06,Gujarat,120,Kapadvanj,12,2012,182529,242550,75.25
S06,Gujarat,121,Balasinor,12,2012,173668,233459,74.39
S06,Gujarat,122,Lunawada,12,2012,161900,236029,68.59
S06,Gujarat,123,Santrampur,12,2012,127590,181438,70.32
S06,Gujarat,124,Shahera,12,2012,154493,206391,74.85
S06,Gujarat,125,Morva Hadaf,12,2012,120680,172315,70.03
S06,Gujarat,126,Godhra,12,2012,159711,220170,72.54
S06,Gujarat,127,Kalol,12,2012,154741,209161,73.98
S06,Gujarat,128,Halol,12,2012,168907,219593,76.92
S06,Gujarat,129,Fatepura,12,2012,120973,181335,66.71
S06,Gujarat,130,Jhalod,12,2012,132455,195890,67.62
S06,Gujarat,131,Limkheda,12,2012,134082,167307,80.14
S06,Gujarat,132,Dahod,12,2012,133976,206178,64.98
S06,Gujarat,133,Garbada,12,2012,120446,208106,57.88
S06,Gujarat,134,Devgadbaria,12,2012,160930,200201,80.38
S06,Gujarat,135,Savli,12,2012,145825,189403,76.99
S06,Gujarat,136,Vaghodia,12,2012,154760,200342,77.25
S06,Gujarat,137,Chhota Udaipur,12,2012,147911,213248,69.36
S06,Gujarat,138,Jetpur,12,2012,157127,216606,72.54
S06,Gujarat,139,Sankheda,12,2012,173162,234656,73.79
S06,Gujarat,140,Dabhoi,12,2012,143972,185775,77.5
S06,Gujarat,141,Vadodara City,12,2012,161972,232722,69.6
S06,Gujarat,142,Sayajigunj,12,2012,162016,234789,69
S06,Gujarat,143,Akota,12,2012,147945,215228,68.74
S06,Gujarat,144,Raopura,12,2012,162471,237681,68.36
S06,Gujarat,145,Manjalpur,12,2012,137601,197119,69.81
S06,Gujarat,146,Padra,12,2012,156826,195756,80.11
S06,Gujarat,147,Karjan,12,2012,141375,179877,78.6
S06,Gujarat,148,Nandod,12,2012,158709,202787,78.26
S06,Gujarat,149,Dediyapada,12,2012,152442,170900,89.2
S06,Gujarat,150,Jambusar,12,2012,145453,200393,72.58
S06,Gujarat,151,Vagra,12,2012,133990,172008,77.9
S06,Gujarat,152,Jhagadia,12,2012,170149,209013,81.41
S06,Gujarat,153,Bharuch,12,2012,155377,215933,71.96
S06,Gujarat,154,Ankleshwar,12,2012,143338,189552,75.62
S06,Gujarat,155,Olpad,12,2012,192373,270144,71.21
S06,Gujarat,156,Mangrol,12,2012,140452,173952,80.74
S06,Gujarat,157,Mandvi,12,2012,167536,209349,80.03
S06,Gujarat,158,Kamrej,12,2012,219970,304630,72.21
S06,Gujarat,159,Surat East,12,2012,136079,190809,71.32
S06,Gujarat,160,Surat North,12,2012,103330,152013,67.97
S06,Gujarat,161,Varachha Road,12,2012,127420,185467,68.7
S06,Gujarat,162,Karanj,12,2012,93192,144162,64.64
S06,Gujarat,163,Limbayat,12,2012,150298,224288,67.01
S06,Gujarat,164,Udhna,12,2012,129518,205649,62.98
S06,Gujarat,165,Majura,12,2012,140849,219889,64.05
S06,Gujarat,166,Katargam,12,2012,165887,241336,68.74
S06,Gujarat,167,Surat West,12,2012,133445,196643,67.86
S06,Gujarat,168,Choryasi,12,2012,191519,304425,62.91
S06,Gujarat,169,Bardoli,12,2012,149369,200474,74.51
S06,Gujarat,170,Mahuva,12,2012,155568,202882,76.68
S06,Gujarat,171,Vyara,12,2012,149663,190866,78.41
S06,Gujarat,172,Nizar,12,2012,192810,230048,83.81
S06,Gujarat,173,Dangs,12,2012,100773,144401,69.79
S06,Gujarat,174,Jalalpore,12,2012,144051,197011,73.12
S06,Gujarat,175,Navsari,12,2012,156493,209665,74.64
S06,Gujarat,176,Gandevi,12,2012,191002,251458,75.96
S06,Gujarat,177,Vansda,12,2012,204194,250841,81.4
S06,Gujarat,178,Dharampur,12,2012,162426,204834,79.3
S06,Gujarat,179,Valsad,12,2012,157197,220058,71.43
S06,Gujarat,180,Pardi,12,2012,140502,197921,70.99
S06,Gujarat,181,Kaprada,12,2012,173203,206083,84.05
S06,Gujarat,182,Umbergaon,12,2012,142851,214379,66.63
S08,Himachal Pradesh,1,Churah,12,2012,48606,61120,79.53
S08,Himachal Pradesh,2,Bharmour     ,12,2012,48270,63710,75.77
S08,Himachal Pradesh,3,Chamba        ,12,2012,51051,68283,74.76
S08,Himachal Pradesh,4,Dalhousie,12,2012,46154,60828,75.88
S08,Himachal Pradesh,5,Bhattiyat                ,12,2012,47960,65199,73.56
S08,Himachal Pradesh,6,Nurpur                   ,12,2012,57318,74679,76.75
S08,Himachal Pradesh,7,Indora,12,2012,53463,74073,72.18
S08,Himachal Pradesh,8,Fatehpur,12,2012,51021,72676,70.2
S08,Himachal Pradesh,9,Jawali,12,2012,57443,80874,71.03
S08,Himachal Pradesh,10,Dehra,12,2012,47130,70424,66.92
S08,Himachal Pradesh,11,Jaswan-Pragpur,12,2012,46939,68140,68.89
S08,Himachal Pradesh,12,Jawalamukhi  ,12,2012,46871,65474,71.59
S08,Himachal Pradesh,13,Jaisinghpur,12,2012,45436,74165,61.26
S08,Himachal Pradesh,14,Sullah,12,2012,62619,89293,70.13
S08,Himachal Pradesh,15,Nagrota                  ,12,2012,55293,74574,74.15
S08,Himachal Pradesh,16,Kangra                   ,12,2012,50539,68243,74.06
S08,Himachal Pradesh,17,Shahpur         ,12,2012,52776,72593,72.7
S08,Himachal Pradesh,18,Dharamshala    ,12,2012,47739,64598,73.9
S08,Himachal Pradesh,19,Palampur         ,12,2012,46696,64197,72.74
S08,Himachal Pradesh,20,Baijnath                 ,12,2012,47681,75322,63.3
S08,Himachal Pradesh,21,Lahaul & spiti,12,2012,16911,22344,75.68
S08,Himachal Pradesh,22,Manali,12,2012,49044,60818,80.64
S08,Himachal Pradesh,23,Kullu,12,2012,57165,73707,77.56
S08,Himachal Pradesh,24,Banjar                   ,12,2012,51088,61599,82.94
S08,Himachal Pradesh,25,Anni,12,2012,56000,72274,77.48
S08,Himachal Pradesh,26,Karsog                   ,12,2012,46634,60706,76.82
S08,Himachal Pradesh,27,Sundernagar,12,2012,52592,67908,77.45
S08,Himachal Pradesh,28,Nachan,12,2012,55427,70584,78.53
S08,Himachal Pradesh,29,Seraj,12,2012,57890,67952,85.19
S08,Himachal Pradesh,30,Darang,12,2012,57081,72708,78.51
S08,Himachal Pradesh,31,Jogindernagar,12,2012,60854,84738,71.81
S08,Himachal Pradesh,32,Dharampur     ,12,2012,48508,68626,70.68
S08,Himachal Pradesh,33,Mandi,12,2012,48618,64881,74.93
S08,Himachal Pradesh,34,Balh,12,2012,51091,65451,78.06
S08,Himachal Pradesh,35,Sarkaghat,12,2012,54105,76750,70.5
S08,Himachal Pradesh,36,Bhoranj,12,2012,46131,71411,64.6
S08,Himachal Pradesh,37,Sujanpur,12,2012,45072,65006,69.34
S08,Himachal Pradesh,38,Hamirpur        ,12,2012,44515,66025,67.42
S08,Himachal Pradesh,39,Barsar,12,2012,51174,75582,67.71
S08,Himachal Pradesh,40,Nadaun     ,12,2012,57035,80482,70.87
S08,Himachal Pradesh,41,Chintpurni               ,12,2012,49038,71244,68.83
S08,Himachal Pradesh,42,Gagret                   ,12,2012,51103,69189,73.86
S08,Himachal Pradesh,43,Haroli,12,2012,54800,72225,75.87
S08,Himachal Pradesh,44,Una                      ,12,2012,54117,72021,75.14
S08,Himachal Pradesh,45,Kutlehar                 ,12,2012,52815,72596,72.75
S08,Himachal Pradesh,46,Jhanduta,12,2012,46906,67186,69.82
S08,Himachal Pradesh,47,Ghumarwin    ,12,2012,52491,75415,69.6
S08,Himachal Pradesh,48,Bilaspur                 ,12,2012,50867,71367,71.28
S08,Himachal Pradesh,49,Sri Naina Deviji,12,2012,50642,61477,82.38
S08,Himachal Pradesh,50,Arki                     ,12,2012,57247,77927,73.46
S08,Himachal Pradesh,51,Nalagarh      ,12,2012,63563,74262,85.59
S08,Himachal Pradesh,52,Doon                     ,12,2012,47174,52996,89.01
S08,Himachal Pradesh,53,Solan                    ,12,2012,48584,72100,67.38
S08,Himachal Pradesh,54,Kasauli                  ,12,2012,42394,57343,73.93
S08,Himachal Pradesh,55,Pachhad        ,12,2012,50165,62697,80.01
S08,Himachal Pradesh,56,Nahan                    ,12,2012,53447,67890,78.73
S08,Himachal Pradesh,57,Sri Renukaji,12,2012,44433,58325,76.18
S08,Himachal Pradesh,58,Paonta Sahib,12,2012,53847,65674,81.99
S08,Himachal Pradesh,59,Shillai,12,2012,47595,57549,82.7
S08,Himachal Pradesh,60,Chopal                   ,12,2012,49839,65811,75.73
S08,Himachal Pradesh,61,Theog                    ,12,2012,55519,74060,74.96
S08,Himachal Pradesh,62,Kasumpti         ,12,2012,36252,59938,60.48
S08,Himachal Pradesh,63,Shimla,12,2012,32512,54905,59.22
S08,Himachal Pradesh,64,Shimla Rural,12,2012,40534,68326,59.32
S08,Himachal Pradesh,65,Jubbal-Kotkhai,12,2012,50770,64121,79.18
S08,Himachal Pradesh,66,Rampur          ,12,2012,49523,66819,74.12
S08,Himachal Pradesh,67,Rohru                    ,12,2012,44823,65029,68.93
S08,Himachal Pradesh,68,Kinnaur                  ,12,2012,38450,51850,74.16