No. of AC,Name of AC,Winner,,,,Runner up,,,,Winning Margin of Votes,Winning Margin of Votes %,3rd Position,,,,4th Position,,,,5th Position,,,,NOTA Votes,NOTA Votes %,Others & IND Parties Votes,Others & IND Parties Votes %,Total Votes,6th Position,,,,7th Position,,,,8th Position,,,,9th Position,,,,10th Position,,,,11th Position,,,,12th Position,,,,13th Position,,,,14th Position,,,,15th Position,,,,16th Position,,,,17th Position,,,,18th Position,,,
,,Party Name,Candidate Name,Party Votes,Party Votes %,Party Name,Candidate Name,Party Votes,Party Votes %,,,Party Name,Candidate Name,Party Votes,Party Votes %,Party Name,Candidate Name,Party Votes,Party Votes %,Party Name,Candidate Name,Party Votes,Party Votes %,,,,,,Party Name,Candidate Name, Party Votes ,Party Votes %,Party Name,Candidate Name, Party Votes ,Party Votes %,Party Name,Candidate Name, Party Votes ,Party Votes %,Party Name,Candidate Name, Party Votes ,Party Votes %,Party Name,Candidate Name, Party Votes ,Party Votes %,Party Name,Candidate Name, Party Votes ,Party Votes %,Party Name,Candidate Name, Party Votes ,Party Votes %,Party Name,Candidate Name, Party Votes ,Party Votes %,Party Name,Candidate Name, Party Votes ,Party Votes %,Party Name,Candidate Name, Party Votes ,Party Votes %,Party Name,Candidate Name, Party Votes ,Party Votes %,Party Name,Candidate Name, Party Votes ,Party Votes %,Party Name,Candidate Name, Party Votes ,Party Votes %
,,,,,,,,,,,,,,,,,,,,,,,,,,,,,,,,,,,,,,,,,,,,,,,,,,,,,,,,,,,,,,,,,,,,,,,,,,,,,,,,
1,Sujanpur,BJP,Dinesh Singh,48910,39.01,INC,Amit Singh,30209,24.10,18701,14.92,IND,Naresh Puri,28675,22.87,RMPI,Natha Singh,10581,8.44,AAP,Kulbhushan Singh,2831,2.26,1008,0.80,3155,2.52,125369,BSP,Karnail Chand,1083,0.86,APP,Romesh Singh Jasrotia,908,0.72,SHS,Saurab Dubey,701,0.56,IND,Guru Dutt Sharma,463,0.37,,,,,,,,,,,,,,,,,,,,,,,,,,,,,,,,,,,,
2,Bhoa (SC),INC,Joginder Pal,67865,51.77,BJP,Seema Kumari,40369,30.79,27496,20.97,RMPI,Lal Chand Kataruchak,13353,10.19,AAP,Amarjeet Singh,3767,2.87,IND,Mahasha Vinod Kumar,750,0.57,454,0.35,4533,3.46,131091,BSP,Chain Singh,695,0.53,IND,Balbir Ram Fatehpuria,657,0.50,AITC,Master Sampuran Singh Saidipur,643,0.49,HUP,Balbir Singh,465,0.35,IND,Lubhaya Ram,458,0.35,APP,Anika Ray,367,0.28,IND,Dharminder Kumar,358,0.27,IND,Surinder Kumar Kalotra,302,0.23,IND,Dalip Singh Surajvanshi Advocate,221,0.17,SHS,Bobby Sandhu,219,0.17,IND,Geeta,148,0.11,,,,,,,,
3,Pathankot,INC,Amit,56383,50.86,BJP,Ashwani Kumar,45213,40.79,11170,10.08,AAP,Raj Kumar,6036,5.45,IND,Ashok Sharma,703,0.63,BSP,Ankur Khajuria,470,0.42,907,0.82,1141,1.03,110853,SHS,Sat Pal,352,0.32,IND,Raman Pal,277,0.25,APP,Sunita Devi,185,0.17,HUP,Ravi Kumar,176,0.16,HSS,Kiran Bala,151,0.14,,,,,,,,,,,,,,,,,,,,,,,,,,,,,,,,
4,Gurdaspur,INC,Barindermeet Singh Pahra,67709,57.68,SAD,Gurbachan Singh Babehali,38753,33.01,28956,24.67,AAP,Amarjit Singh Chahal,6949,5.92,APP,Sucha Singh Chhotepur,1740,1.48,HSS,Sandeep Kumar,618,0.53,593,0.51,1028,0.88,117390,BSP,Major Som Nath,564,0.48,HUP,Pankaj,270,0.23,IND,Swaranjit Singh,194,0.17,,,,,,,,,,,,,,,,,,,,,,,,,,,,,,,,,,,,,,,,
5,Dina Nagar (SC),INC,Aruna Chaudhary,72176,55.30,BJP,Bishan Dass,40259,30.84,31917,24.45,AAP,Joginder Singh,10258,7.86,CPI,Subash Chander,2937,2.25,IND,Raj Kumar,1436,1.10,1231,0.94,2228,1.71,130525,APP,Sarwan Singh,735,0.56,BSP,Raj Kumar,584,0.45,IND,Kashmir Chand,514,0.39,HUP,Rajinder Kumar,395,0.30,,,,,,,,,,,,,,,,,,,,,,,,,,,,,,,,,,,,
6,Qadian,INC,Fatehjang Singh Bajwa,62596,47.48,SAD,Sewa Singh,50859,38.58,11737,8.90,AAP,Kanwal Preet Singh,14657,11.12,BSP,Mohinder Singh,518,0.39,SAD(A)(M),Gurbachan Singh,436,0.33,953,0.72,1810,1.37,131829,IND,Kulwant Singh,406,0.31,IND,Abhijit Dugal,303,0.23,CPI(ML)(L),Vijay Kumar,293,0.22,IND,Charanjit Kaur,276,0.21,HSS,Rohit Gupta,232,0.18,APP,Kulwant Singh,215,0.16,HUP,Raman Kumar,85,0.06,,,,,,,,,,,,,,,,,,,,,,,,
7,Batala,SAD,Lakhbir Singh Lodhinangal,42517,34.45,INC,Ashwani Sekhri,42032,34.06,485,0.39,AAP,Gurpreet Singh Ghuggi,34302,27.79,APP,Inder Sekhri,691,0.56,IND,Gurpreet Singh Ghulli,622,0.50,713,0.58,2537,2.06,123414,BSP,Bakhshis Singh,546,0.44,IND,Sanjeev Kumar Malhan,444,0.36,IND,Anil Mahajan,357,0.29,CPIM,Avtar Singh,356,0.29,IND,Lakhbir Singh,243,0.20,IND,Ashwani Kumar,226,0.18,IND,Santosh Kumar,197,0.16,IND,Ashwani Kumar Shakri,168,0.14,,,,,,,,,,,,,,,,,,,,
8,Sri Hargobindpur (SC),INC,Balwinder Singh,57489,46.17,SAD,Manjit Singh,39424,31.66,18065,14.51,AAP,Amarpal Singh,24294,19.51,APP,Om Parkash,889,0.71,BSP,Gurmeet Singh,653,0.52,827,0.66,948,0.76,124524,IND,Sarabjit Singh,560,0.45,IND,Sikander Singh,388,0.31,,,,,,,,,,,,,,,,,,,,,,,,,,,,,,,,,,,,,,,,,,,,
9,Fatehgarh Churian,INC,Tript Rajinder Singh Bajwa,54348,43.81,SAD,Nirmal Singh Kahlon,52349,42.20,1999,1.61,AAP,Gurvinder Singh Shampura,14665,11.82,CPI(ML)(L),Gulzar Singh,857,0.69,BSP,Amarjit Singh,605,0.49,489,0.39,732,0.59,124045,APP,Peter Masih,526,0.42,IND,Manpreet Singh,206,0.17,,,,,,,,,,,,,,,,,,,,,,,,,,,,,,,,,,,,,,,,,,,,
10,Dera Baba Nanak,INC,Sukhjinder Singh Randhawa,60385,42.83,SAD,Sucha Singh Langah,59191,41.98,1194,0.85,AAP,Gurpartap Singh Khushalpur,17222,12.21,APP,Deepinder Singh,1249,0.89,IND,Sukhwinder Singh,627,0.44,961,0.68,1361,0.97,140996,IND,Dominic Mattu,514,0.36,IND,Dorthi,301,0.21,BSP,Jasbir Singh,267,0.19,AITC,Baljit Singh,167,0.12,HUP,Surjit Singh,112,0.08,,,,,,,,,,,,,,,,,,,,,,,,,,,,,,,,
11,Ajnala,INC,Harpartap Singh,61378,50.52,SAD,Amarpal Singh Bony Ajnala,42665,35.12,18713,15.40,AAP,Rajpreet Singh,12749,10.49,BSP,Balwinder Singh,860,0.71,IND,Rattan Singh,502,0.41,641,0.53,2692,2.22,121487,RMPI,Gurnam Singh,411,0.34,IND,Dhanwant Singh,404,0.33,SAD(A)(M),Amrik Singh,380,0.31,IND,Nirmal Singh,308,0.25,SHS,Pawan Sareen,264,0.22,APP,Rabart Masih,262,0.22,BSP(A),Satnam Singh,218,0.18,IND,Kulwinder Singh,168,0.14,IND,Sukhdev Singh Baba,145,0.12,BMUP,Harpreet Singh,132,0.11,,,,,,,,,,,,
12,Raja Sansi,INC,Sukhbinder Singh Sarkaria,59628,45.17,SAD,Vir Singh Lopoke,53901,40.83,5727,4.34,AAP,Jagjot Singh Dhillon,13213,10.01,RMPI,Virsa Singh,1040,0.79,DPI(A),Sardool Singh,824,0.62,917,0.69,2485,1.88,132008,BSP,Lakhbir Singh,819,0.62,IND,Sharanjit Singh,478,0.36,IND,Yadwinder Singh,424,0.32,IND,Balwinder Singh,416,0.32,APP,Kulwant Singh,348,0.26,,,,,,,,,,,,,,,,,,,,,,,,,,,,,,,,
13,Majitha,SAD,Bikram Singh Majithia,65803,53.67,INC,Sukhjinder Raj Singh (Lalli),42919,35.01,22884,18.66,AAP,Himmat Singh Shergill,10252,8.36,BSP,Surjit Singh,700,0.57,SAD(A)(M),Kulwant Singh,657,0.54,924,0.75,1353,1.10,122608,IND,Himmat Singh,457,0.37,IND,Waryam Singh,257,0.21,IND,Gagandeep Kumar,224,0.18,IND,Sukhjinder Singh,221,0.18,IND,Sukhjinder Singh Tanel,194,0.16,,,,,,,,,,,,,,,,,,,,,,,,,,,,,,,,
14,Jandiala (SC),INC,Sukhwinder Singh Danny Bandala,53042,42.21,SAD,Dalbir Singh,34620,27.55,18422,14.66,AAP,Harbhajan Singh E. T. O.,33912,26.99,BSP,Satpal Singh Pakhoke,814,0.65,BSP(A),Hardeep Singh,679,0.54,843,0.67,1741,1.39,125651,DPI(A),Vikramjit Singh,669,0.53,IND,Harbhajan Singh Jandiala,581,0.46,APP,Dalip Singh,491,0.39,,,,,,,,,,,,,,,,,,,,,,,,,,,,,,,,,,,,,,,,
15,Amritsar North,INC,Sunil Dutti,59212,50.14,BJP,Anil Joshi,44976,38.09,14236,12.06,AAP,Manish Aggarwal,10966,9.29,BSP,Manjit Singh,603,0.51,IND,Roop Lal,205,0.17,972,0.82,1150,0.97,118084,ABSD,Sushil Kumar,203,0.17,IND,Parbodh Chander Bali,184,0.16,IND,Bal Krishan Sharma,162,0.14,HSS,Hindustan Shakti Sena,155,0.13,SLDP,Gaurav Mehra,151,0.13,APP,Manish Shridhar,133,0.11,IND,Sarabjit Singh,103,0.09,IND,Jeewan,59,0.05,,,,,,,,,,,,,,,,,,,,
16,Amritsar West (SC),INC,Raj Kumar Verka,52271,48.60,BJP,Rakesh Gill,25424,23.64,26847,24.96,AAP,Balwinder Singh Sahota,24731,22.99,CPI,Gurnam Kaur,1725,1.60,BSP,Jaswant Singh,847,0.79,810,0.75,1742,1.62,107550,ABSD,Satnam Singh,409,0.38,DSP,Balwinder Singh,407,0.38,SLDP,Lakhbir Singh,292,0.27,APP,Kulwant Singh,255,0.24,IND,Ankush,202,0.19,DCP,Sham Lal Gandhiwadi,177,0.16,,,,,,,,,,,,,,,,,,,,,,,,,,,,
17,Amritsar Central,INC,Om Parkash Soni,51242,56.49,BJP,Tarun Chugh,30126,33.21,21116,23.28,AAP,Ajay Gupta,7171,7.91,BSP,Rajesh Kumar,500,0.55,IND,Avtar Singh,182,0.20,919,1.01,568,0.63,90708,IND,Sikander,164,0.18,DSP,Ashok Kumar,162,0.18,APP,Keshav Kohli,134,0.15,IND,Om Parkash,108,0.12,,,,,,,,,,,,,,,,,,,,,,,,,,,,,,,,,,,,
18,Amritsar East,INC,Navjot Singh Sidhu,60477,60.68,BJP,Rajesh Kumar Honey,17668,17.73,42809,42.95,AAP,Sarabjot Singh Dhanjal,14715,14.76,IND,Mandeep Singh Manna,1863,1.87,CPI,Baldev Singh,1586,1.59,537,0.54,2818,2.83,99664,BSP,Tarsem Singh,1237,1.24,IND,Sukhwinder Singh,311,0.31,APP,Narinder Singh,288,0.29,RPI(A),Sandeep Singh,165,0.17,DPI(A),Amita,150,0.15,IND,Gurjit Kaur,145,0.15,IND,Parminder Kaur,141,0.14,ABSD,Sant Baldev Singh Rathor,138,0.14,BMUP,Tarsem Lal,130,0.13,IND,Amarjit Singh,113,0.11,,,,,,,,,,,,
19,Amritsar South,INC,Inderbir Singh Bolaria,47581,50.96,AAP,Inderbir Singh Nijjar,24923,26.70,22658,24.27,SAD,Gurpartap Singh Tikka,16596,17.78,IND,Maninder Pal Singh Palasour,1343,1.44,CPI,Lakhwinder Singh,726,0.78,723,0.77,1469,1.57,93361,BSP,Sushil Kumar,446,0.48,DSP,Dr. Suba Singh,249,0.27,APP,Kuldip Singh,219,0.23,IND,Sarabjit Singh,219,0.23,IND,Deepak,141,0.15,IND,Dalvir Kaur,110,0.12,IND,Amarjit Singh,85,0.09,,,,,,,,,,,,,,,,,,,,,,,,
20,Attari (SC),INC,Tarsem Singh D.C.,55335,42.53,SAD,Gulzar Singh Ranike,45133,34.69,10202,7.84,AAP,Jaswinder Singh Jahangir,22558,17.34,CPI,Gurdeep Singh,2581,1.98,BSP,Sukhwantjit Kaur,1088,0.84,900,0.69,2523,1.94,130118,BSP(A),Sarbjit Kumar,492,0.38,SLDP,Manjit Singh,449,0.35,DSP,Jagtar Singh Gill,431,0.33,IND,Mangat Singh,426,0.33,DPI(A),Mohinder Singh,385,0.30,APP,Hardev Singh,340,0.26,,,,,,,,,,,,,,,,,,,,,,,,,,,,
21,Tarn Taran,INC,Dr. Dharambir Agnihotri,59794,45.10,SAD,Harmeet Singh Sandhu,45165,34.07,14629,11.03,AAP,Kartar Singh Pehalwan,22950,17.31,CPIM,Sukhdev Singh,1115,0.84,SAD(A)(M),Gurjinder Singh,992,0.75,838,0.63,1719,1.30,132573,APP,Gurwinder Singh,732,0.55,BSP,Anantjit Singh,554,0.42,BSP(A),Balbir Singh Tirath Padhri,433,0.33,,,,,,,,,,,,,,,,,,,,,,,,,,,,,,,,,,,,,,,,
22,Khem Karan,INC,Sukhpal Singh Bhullar,81897,53.01,SAD,Virsa Singh,62295,40.32,19602,12.69,AAP,Bikramajit Singh,6568,4.25,RMPI,Daljit Singh,1665,1.08,IND,Harjinder Singh,595,0.39,1484,0.96,0,0.00,154504,,,,,,,,,,,,,,,,,,,,,,,,,,,,,,,,,,,,,,,,,,,,,,,,,,,,
23,Patti,INC,Harminder Singh Gill,64617,45.06,SAD,Adesh Partap Singh Kairon,56254,39.23,8363,5.83,AAP,Ranjit Singh Cheema,18489,12.89,BSP,Avtar Singh,762,0.53,IND,Kartar Singh,577,0.40,758,0.53,1956,1.36,143413,IND,Harjinder Singh,547,0.38,IND,Sukhwant Singh Virdi Chuslewar,477,0.33,SAD(A)(M),Bhupinder Singh,470,0.33,BSP(A),Jatinder Singh Pannu,462,0.32,,,,,,,,,,,,,,,,,,,,,,,,,,,,,,,,,,,,
24,Khadoor Sahib,INC,Ramanjeet Singh Sahota Sikki,64666,44.18,SAD,Ravinder Singh Brahampura,47611,32.53,17055,11.65,AAP,Bhupinder Singh,28644,19.57,CPI,Baldev Singh Dhunda,1756,1.20,SAD(A)(M),Karam Singh Bhoian,1257,0.86,820,0.56,1608,1.10,146362,BSP,Dyal Singh,770,0.53,APP,Daljit Singh,457,0.31,IND,Bagga Singh,381,0.26,,,,,,,,,,,,,,,,,,,,,,,,,,,,,,,,,,,,,,,,
25,Baba Bakala (SC),INC,Santokh Singh,45965,35.19,AAP,Dalbir Singh Tong,39378,30.15,6587,5.04,SAD,Malkiat Singh,38265,29.29,RMPI,Amrik Singh,2925,2.24,APP,Baljit Singh Bhatti,1174,0.90,876,0.67,2045,1.57,130628,DSP,Kamaljit Singh,1071,0.82,BSP,Swinder Singh,974,0.75,,,,,,,,,,,,,,,,,,,,,,,,,,,,,,,,,,,,,,,,,,,,
26,Bholath,AAP,Sukhpal Singh Khaira,48873,49.90,SAD,Yuvraj Bhupinder Singh,40671,41.53,8202,8.37,INC,Ranjit Singh Rana,5923,6.05,SAD(A)(M),Rajinder Singh Fauji,708,0.72,BSP,Satpal,513,0.52,379,0.39,873,0.89,97940,APP,Gurbinder Singh,403,0.41,DBSP,Gurdeep Singh,176,0.18,DPI(A),Satpal Kimti,170,0.17,NCP,Raman Kumar,124,0.13,,,,,,,,,,,,,,,,,,,,,,,,,,,,,,,,,,,,
27,Kapurthala,INC,Rana Gurjit Singh,56378,53.42,SAD,Advocate Paramjit Singh,27561,26.11,28817,27.30,AAP,Sukhwant Singh Padda,18076,17.13,BSP(A),Manoj Kumar Nahar,1115,1.06,SAD(A)(M),Narinder Singh,605,0.57,654,0.62,1151,1.09,105540,IND,Sandeep Bajaj,557,0.53,RKSP,Satish Kumar Nahar,392,0.37,IND,Kulwant Singh,202,0.19,,,,,,,,,,,,,,,,,,,,,,,,,,,,,,,,,,,,,,,,
28,Sultanpur Lodhi,INC,Navtej Singh Cheema,41843,38.57,SAD,Upinderjit Kaur,33681,31.05,8162,7.52,AAP,Sajjan Singh Cheema,28017,25.83,BSP,Piyara Singh Jainpuri,1049,0.97,RMPI,Baldev Singh,885,0.82,616,0.57,2391,2.20,108482,BSP(A),Balwant Singh Sultanpuri,806,0.74,IND,Nirmal Singh,557,0.51,SAD(A)(M),Mukhtiyar Singh,397,0.37,IND,Lakhwinder Singh Desal,296,0.27,IND,Gurjot Singh,169,0.16,APP,Surat Singh,166,0.15,,,,,,,,,,,,,,,,,,,,,,,,,,,,
29,Phagwara (SC),BJP,Som Parkash,45479,35.02,INC,Joginder Singh Mann,43470,33.48,2009,1.55,AAP,Jarnail Nangal,32374,24.93,BSP,Surinder Dhanda,6160,4.74,IND,Ashwani Kumar Sahota,498,0.38,1094,0.84,774,0.60,129849,BMUP,Tirath Ram,399,0.31,BSP(A),Tulsi Ram Khosla,375,0.29,,,,,,,,,,,,,,,,,,,,,,,,,,,,,,,,,,,,,,,,,,,,
30,Phillaur (SC),SAD,Baldev Singh Khaira,41336,28.12,INC,Vikramjit Singh Chaudhary,37859,25.76,3477,2.37,AAP,Saroop Singh Kadiana,35779,24.34,BSP,Avtar Singh Karimpuri,28035,19.07,RMPI,Parmjit Randhawa,1857,1.26,953,0.65,1165,0.79,146984,LIP,Sanjay Kumar Shalu,401,0.27,BRVP,Balwinder Singh,399,0.27,IND,Yadwinder Singh,365,0.25,,,,,,,,,,,,,,,,,,,,,,,,,,,,,,,,,,,,,,,,
31,Nakodar,SAD,Gurpratap Singh Wadala,56241,39.24,AAP,Sarwan Singh Hayer,37834,26.40,18407,12.84,INC,Jagbir Singh Brar,35633,24.86,BSP,Taranpal Singh,8284,5.78,IND,Gurbinder Singh Atwal,1664,1.16,1039,0.72,2627,1.83,143322,RMPI,Santokh Singh Bilga,1517,1.06,BSP(A),Inderjit Kaur,465,0.32,IND,Kusum Sharma,353,0.25,APP,Gurmail Singh Kaler,292,0.20,,,,,,,,,,,,,,,,,,,,,,,,,,,,,,,,,,,,
32,Shahkot,SAD,Ajit Singh Kohar,46913,34.66,INC,Hardev Singh Ladi,42008,31.04,4905,3.62,AAP,Amarjit Singh Mehatpur,41010,30.30,BSP,Charanjit Kumar Nahar,952,0.70,CPIM,Bachittar Singh,903,0.67,849,0.63,2721,2.01,135356,IND,Gurbax Kaur,684,0.51,BSP(A),Tara Singh Gill,644,0.48,SAD(A)(M),Sulakhan Singh,547,0.40,APP,Harshdeep Singh Sandhu,325,0.24,IKL,Gurcharan Singh,299,0.22,AITC,Pal Singh,222,0.16,,,,,,,,,,,,,,,,,,,,,,,,,,,,
33,Kartarpur (SC),INC,Chaudhary Surinder Singh,46729,36.98,SAD,Seth Sat Paul,40709,32.22,6020,4.76,AAP,Chander Kumar Grewal,29981,23.73,BSP,Balwinder Kumar,5208,4.12,IND,Kashmir Singh Ghugshore,1383,1.09,1086,0.86,1254,0.99,126350,IND,Lubhaya Ram Thapar,290,0.23,DBSP,Gurmukh Singh Khosla,270,0.21,IND,Ex. Sub. Hari Singh,246,0.19,BSP(A),Paramjot Gill,167,0.13,IND,Usha Mahi,164,0.13,RKSP,Balvir Kaur,117,0.09,,,,,,,,,,,,,,,,,,,,,,,,,,,,
34,Jalandhar West (SC),INC,Sushil Kumar Rinku,53983,48.81,BJP,Mahinder Pal Bhagat,36649,33.14,17334,15.67,AAP,Darshan Lal Bhagat,15364,13.89,IND,Surinder Mahey,1345,1.22,BSP,Paramjeet Mall,1099,0.99,1155,1.04,999,0.90,110594,SHS,Subhash Goria,760,0.69,APP,Jugal Kishore,239,0.22,,,,,,,,,,,,,,,,,,,,,,,,,,,,,,,,,,,,,,,,,,,,
35,Jalandhar Central,INC,Rajinder Beri,55518,52.20,BJP,Manoranjan Kalia,31440,29.56,24078,22.64,AAP,Dr. Sanjiv Sharma,15269,14.36,BSP,Madan Bhatti,1261,1.19,AITC,Tarandip Singh,529,0.50,1044,0.98,1286,1.21,106347,SAD(A)(M),Parminder Singh Cheema,312,0.29,SHS,Rohit Joshi,309,0.29,NCP,Ranvir Singh,271,0.25,IND,Rajeshwar Kumar,254,0.24,KYP,Vikram Kuljit Singh,140,0.13,,,,,,,,,,,,,,,,,,,,,,,,,,,,,,,,
36,Jalandhar North,INC,Avtar Singh Junior,69715,56.00,BJP,K D Bhandari,37424,30.06,32291,25.94,AAP,Gulshan Sharma,13386,10.75,BSP,Hardwari Lal,1506,1.21,IND,Gaurav Luthra,240,0.19,1182,0.95,1038,0.83,124491,NCP,Surinder Singh Arora,219,0.18,APP,Naresh Gupta,208,0.17,KYP,Antarjot Singh,198,0.16,IND,Anil Kumar Singh,157,0.13,BMUP,Kewal Bhatti,153,0.12,HSS,Kewal Singh Bhasulla,103,0.08,,,,,,,,,,,,,,,,,,,,,,,,,,,,
37,Jalandhar Cantt.,INC,Pargat Singh Powar,59349,46.80,SAD,Sarabjit Singh Makkar,30225,23.83,29124,22.97,AAP,Harkrishan Singh Walia,25912,20.43,BSP,Amrik Bagri,7987,6.30,BSP(A),Dharam Pal,503,0.40,1445,1.14,1390,1.10,126811,DPI,Harvinder Singh,440,0.35,SAD(A)(M),Gurmukh Singh,346,0.27,BRP,Manjit Singh,325,0.26,APP,Narinder Singh,279,0.22,,,,,,,,,,,,,,,,,,,,,,,,,,,,,,,,,,,,
38,Adampur (SC),SAD,Pawan Kumar Tinu,45229,38.91,INC,Mohinder Singh Kaypee,37530,32.29,7699,6.62,AAP,Hans Raj Rana,25239,21.71,BSP,Sewa Singh,5405,4.65,CPIM,Gurdial Bains,791,0.68,621,0.53,1421,1.22,116236,SAD(A)(M),Nirmal Singh Bolina,672,0.58,BRP,Surjit Singh,497,0.43,JJJKP,Manjit Kaur,252,0.22,,,,,,,,,,,,,,,,,,,,,,,,,,,,,,,,,,,,,,,,
39,Mukerian,INC,Rajnish Kumar Babbi,56787,41.79,BJP,Arunesh Kumar,33661,24.77,23126,17.02,IND,Jangi Lal Mahajan,20542,15.12,AAP,Sulakhan Singh,17005,12.51,BSP,Karamjit Singh,2718,2.00,1018,0.75,4170,3.07,135901,SAD(A)(M),Gurvatan Singh,1227,0.90,RMPI,Dharminder Singh,1173,0.86,APP,Raj Mal,601,0.44,SHS,Sumitri Devi,524,0.39,BDP,Bhajan Singh,405,0.30,HSS,Kuldeep Kumar,240,0.18,,,,,,,,,,,,,,,,,,,,,,,,,,,,
40,Dasuya,INC,Arun Dogra,56527,43.21,BJP,Sukhjit Kaur,38889,29.73,17638,13.48,AAP,Balbir Kaur,16330,12.48,IND,Jagmohan Singh,9926,7.59,BSP,Jagpreet Singh Sahi,3180,2.43,1193,0.91,4774,3.65,130819,IND,Paramjit,1310,1.00,IND,Baldev Singh,1024,0.78,APP,Lawrence Chaudhary,968,0.74,CPI,Sukha Singh,849,0.65,DPI(A),Charanjit Singh,251,0.19,HSS,Sarbjit Singh,244,0.19,SPP,Manjit Singh,128,0.10,,,,,,,,,,,,,,,,,,,,,,,,
41,Urmar,INC,Sangat Singh Gilzian,51477,40.83,SAD,Arbinder Singh Rasulpur,36523,28.97,14954,11.86,AAP,Jasvir Singh Gill (Raja),32445,25.73,BSP,Gurbakhash Singh,1720,1.36,SAD(A)(M),Kuldip Singh,1454,1.15,839,0.67,1617,1.28,126075,HSS,Vikas Jasra,543,0.43,APP,Virender Kumar,385,0.31,BDP,Gurdial Singh,348,0.28,DPI(A),Sugriv Singh,341,0.27,,,,,,,,,,,,,,,,,,,,,,,,,,,,,,,,,,,,
42,Sham Chaurasi (SC),INC,Pawan Kumar Adia,46612,37.62,AAP,Dr. Ravjot Singh,42797,34.54,3815,3.08,SAD,Mohinder Kaur Josh,24671,19.91,BSP,Bhagwan Dass,8009,6.46,APP,Satish Lamba,498,0.40,898,0.72,404,0.33,123889,BDP,Kewal Lal Heer,404,0.33,,,,,,,,,,,,,,,,,,,,,,,,,,,,,,,,,,,,,,,,,,,,,,,,
43,Hoshiarpur,INC,Sunder Sham Arora,49951,40.55,BJP,Tikshan Sud,38718,31.43,11233,9.12,AAP,Paramjit Singh Sachdeva,27481,22.31,BSP,Surinder Kumar,4442,3.61,APP,Mohinder Singh,293,0.24,1000,0.81,1294,1.05,123179,DSP,Maninder Pal,278,0.23,IND,Om Parkash Jakhu,278,0.23,BDP,Ajit Ram,235,0.19,IND,Santokh Singh,210,0.17,HND,Paramjit Singh,163,0.13,DPI(A),Jaspreet Kaur,130,0.11,,,,,,,,,,,,,,,,,,,,,,,,,,,,
44,Chabbewal (SC),INC,Dr. Raj Kumar,57857,49.96,SAD,Sohan Singh Thandal,28596,24.69,29261,25.26,AAP,Raman Kumar,20505,17.70,BSP,Gurlal Saila,5585,4.82,IND,Balwinder Singh Bittu,571,0.49,842,0.73,1862,1.61,115818,BDP,Gurnam Singh,566,0.49,IVD,Surinder Singh,542,0.47,SAD(A)(M),Jagdish Singh,469,0.40,APP,Gurjit Singh,285,0.25,,,,,,,,,,,,,,,,,,,,,,,,,,,,,,,,,,,,
45,Garhshankar,AAP,Jai Krishan,41720,33.20,SAD,Surinder Singh Heer,40070,31.89,1650,1.31,INC,Lov Kumar Goldy,31909,25.39,BSP,Bakhshish Singh,6031,4.80,CPIM,Harbhajan Singh,2217,1.76,1121,0.89,2590,2.06,125658,APP,Surjit Singh Randhawa,468,0.37,IND,Jai Gopal Dhiman,412,0.33,SAD(A)(M),Pashora Singh,408,0.32,AITC,Manjit Singh,379,0.30,IND,Subhash Chander Dhir,366,0.29,BDP,Bishan Dass,282,0.22,IND,Nimisha Mehta,275,0.22,,,,,,,,,,,,,,,,,,,,,,,,
46,Banga (SC),SAD,Sukhwinder Kumar,45256,36.93,AAP,Harjot,43363,35.39,1893,1.54,INC,Satnam Singh Kainth,13408,10.94,BSP,Rajinder Singh,11874,9.69,IND,Tarlochan Singh,6294,5.14,758,0.62,1580,1.29,122533,CPI,Paul Ram,986,0.80,APP,Sarabjit Singh,594,0.48,,,,,,,,,,,,,,,,,,,,,,,,,,,,,,,,,,,,,,,,,,,,
47,Nawan Shahr,INC,Angad Singh,38197,29.70,SAD,Jarnail Singh Wahid,34874,27.11,3323,2.58,AAP,Charanjit Singh Channi,32341,25.14,BSP,Dr. Nachhatar Pal,19578,15.22,CPIM,Hitesh Kumar Pathak,881,0.68,844,0.66,1904,1.48,128619,IND,Surinder Singh,831,0.65,IND,Yog Raj Sahota,442,0.34,APP,Ashwani Joshi,364,0.28,IND,Raj Kumar Narang,267,0.21,,,,,,,,,,,,,,,,,,,,,,,,,,,,,,,,,,,,
48,Balachaur,INC,Darshan Lal,49558,42.21,SAD,Nand Lal,29918,25.48,19640,16.73,AAP,Raj Kumar,21656,18.44,BSP,Baljit Singh,12372,10.54,CPIM,Parmjit Singh,1176,1.00,877,0.75,1865,1.59,117422,APP,Jarnail Singh,662,0.56,IND,Avtar Singh,363,0.31,IND,Hargopal Singh,339,0.29,IND,Pala Singh,257,0.22,IND,Charan Dass,244,0.21,,,,,,,,,,,,,,,,,,,,,,,,,,,,,,,,
49,Anandpur Sahib,INC,Kanwar Pal Singh,60800,45.01,BJP,Dr. Parminder Sharma,36919,27.33,23881,17.68,AAP,Sanjeev Gautam,30304,22.43,IND,Nutan Kumar Urf Nitin Nanda,2092,1.55,BSP,Gurcharan Singh Khalsa,1442,1.07,858,0.64,2663,1.97,135078,CPIM,Mohinder Singh,1026,0.76,IND,Pritam Singh Bharatgarh,602,0.45,PDP,Subhash Chander Sharma,518,0.38,SAD(A)(M),Harbhjn Singh,517,0.38,,,,,,,,,,,,,,,,,,,,,,,,,,,,,,,,,,,,
50,Rupnagar,AAP,Amarjit Singh Sandoa,58994,45.35,INC,Brinder Singh Dhillon,35287,27.13,23707,18.22,SAD,Dr. Daljit Singh Cheema,31903,24.52,BSP,Makhan Singh,1081,0.83,CPI,B.S. Saini,997,0.77,917,0.70,905,0.70,130084,DSP,Jorawar Singh,652,0.50,IND,Sachin Kumar,253,0.19,,,,,,,,,,,,,,,,,,,,,,,,,,,,,,,,,,,,,,,,,,,,
51,Chamkaur Sahib (SC),INC,Charanjit Singh Channi,61060,42.00,AAP,Charanjit Singh,48752,33.53,12308,8.47,SAD,Justice Nirmal Singh,31452,21.63,BSP,Rajinder Singh,1610,1.11,PDP,Harjinder Singh,587,0.40,911,0.63,1020,0.70,145392,IND,Jagdish Singh,428,0.29,APP,Parminder Kaur,332,0.23,JJJKP,Shinderpal Singh,260,0.18,,,,,,,,,,,,,,,,,,,,,,,,,,,,,,,,,,,,,,,,
52,Kharar,AAP,Kanwar Sandhu,54171,33.97,INC,Jagmohan Singh Kang,52159,32.71,2012,1.26,SAD,Ranjit Singh Gill,46807,29.35,BSP,Harbhajan Singh,2619,1.64,SAD(A)(M),Jagwinder Singh,818,0.51,1059,0.66,1845,1.16,159478,APP,Sudesh Kumar,631,0.40,IND,Paramjit Singh Padda,350,0.22,IND,Sanjeev Kumar,349,0.22,PDP,Gurjeet Singh,274,0.17,JJJKP,Surjit Singh,241,0.15,,,,,,,,,,,,,,,,,,,,,,,,,,,,,,,,
53,S.A.S.Nagar,INC,Balbir Singh Sidhu,66844,47.47,AAP,Narinder Singh,38971,27.68,27873,19.80,SAD,Tejinder Pal Singh,30031,21.33,BSP,Sarbjit Singh,1027,0.73,HSS,Amit Sharma,370,0.26,1139,0.81,2421,1.72,140803,IND,Parneet Singh Pandher,340,0.24,DSP,Balwinder Singh,328,0.23,AITC,Jaswinder Singh,316,0.22,IND,Kamaljot Kaur,314,0.22,PDP,Gurkirpal Singh Mann,284,0.20,APP,Mahinder Pal Singh,255,0.18,IND,Kuljit Singh,230,0.16,IND,Paramjit Singh Padda,168,0.12,BMUP,Kishor Kumar Pal,100,0.07,B(I)RP,Krishan Gopal Sharma,86,0.06,,,,,,,,,,,,
54,Bassi Pathana (SC),INC,Gurpreet Singh,47319,41.55,AAP,Santokh Singh,37273,32.73,10046,8.82,SAD,Darbara Singh Guru,24852,21.82,SAD(A)(M),Dharam Singh,1618,1.42,BSP,Mohinder Singh,819,0.72,728,0.64,1272,1.12,113881,IND,Gurdeep Singh,456,0.40,IND,Harnek Singh Diwana,310,0.27,SAKP,Samunder Singh,265,0.23,APP,Manjinder Singh,241,0.21,,,,,,,,,,,,,,,,,,,,,,,,,,,,,,,,,,,,
55,Fatehgarh Sahib,INC,Kuljit Singh Nagra,58205,46.65,SAD,Didar Singh Bhatti,34338,27.52,23867,19.13,AAP,Lakhvir Singh Rai,29393,23.56,SAD(A)(M),Kuldip Singh,1589,1.27,APP,Tarlochan Singh,449,0.36,803,0.64,0,0.00,124777,,,,,,,,,,,,,,,,,,,,,,,,,,,,,,,,,,,,,,,,,,,,,,,,,,,,
56,Amloh,INC,Randeep Singh,39669,34.96,SAD,Gurpreet Singh Raju Khanna,35723,31.49,3946,3.48,AAP,Gurpreet Singh Bhatti,30573,26.95,IND,Jagmeet Singh Sahota,3187,2.81,SAD(A)(M),Lakhvir Singh,1144,1.01,841,0.74,2317,2.04,113454,BSP,Ram Singh,942,0.83,IND,Navab Ali,432,0.38,IND,Rajinder Singh,359,0.32,HSS,Sanjiv Kumar Pilot,222,0.20,IND,Gurpreet Singh Bhatti Amampura,213,0.19,JJJKP,Gurjinder Singh,149,0.13,,,,,,,,,,,,,,,,,,,,,,,,,,,,
57,Khanna,INC,Gurkirat Singh Kotli,55690,44.00,AAP,Anil Dutt Phally,35099,27.73,20591,16.27,SAD,Ranjit Singh Talwandi,31845,25.16,BSP,Shashi Vardhan,1202,0.95,APP,Vijay Diamond,451,0.36,850,0.67,1445,1.14,126582,SAD(A)(M),Rajiv Vijan,446,0.35,IND,Chander Dev Singh,393,0.31,SPP,Dharamjit Singh,270,0.21,IND,Bhupinder Singh,174,0.14,RSP,Baljit Singh Sandhu,162,0.13,,,,,,,,,,,,,,,,,,,,,,,,,,,,,,,,
58,Samrala,INC,Amrik Singh Dhillon,51930,38.47,AAP,Sarbans Singh Manki,40925,30.32,11005,8.15,SAD,Santa Singh Umaidpur,38114,28.24,SAD(A)(M),Shingara Singh,837,0.62,BSP,Dalvir Singh,687,0.51,1035,0.77,1458,1.08,134986,APP,Bhupinder Singh,473,0.35,DPI,Manohar Lal,407,0.30,SAKP,Dilbag Singh,386,0.29,RSP,Ashwani Kumar Dhand,192,0.14,,,,,,,,,,,,,,,,,,,,,,,,,,,,,,,,,,,,
59,Sahnewal,SAD,Sharanjit Singh Dhillon,63184,37.73,INC,Satwinder Kaur Bitti,58633,35.01,4551,2.72,AAP,Harjot Singh Bains,39570,23.63,BSP,Surinder Kumar,1588,0.95,IND,Dalip Singh,624,0.37,1510,0.90,2373,1.42,167482,SAD(A)(M),Manbir Singh Grewal,586,0.35,J&KNPP,Sushil Kumar,411,0.25,IND,Daljeet Singh Bajwa,352,0.21,SPP,Jagvir Singh Jaggi,343,0.20,IND,Gurdeep Singh Kahlon,258,0.15,HSS,Nagender Kumar,244,0.15,BSD,Randhir Singh,179,0.11,,,,,,,,,,,,,,,,,,,,,,,,
60,Ludhiana East,INC,Sanjeev Talwar,43010,33.03,AAP,Daljit Singh Grewal (Bhola),41429,31.82,1581,1.21,SAD,Ranjit Singh Dhillon,41313,31.73,BSP,Gurpreet Singh,2076,1.59,SAD(A)(M),Jaswant Singh Cheema,659,0.51,1067,0.82,659,0.51,130213,AITC,Hardeep Singh (Bawa),371,0.28,IND,Ramesh Kumar,288,0.22,,,,,,,,,,,,,,,,,,,,,,,,,,,,,,,,,,,,,,,,,,,,
61,Ludhiana South,LIP,Balvinder Singh Bains,53955,53.05,INC,Bhupinder Singh Sidhu,23038,22.65,30917,30.40,SAD,Hira Singh Gabria,20554,20.21,BSP,Charan Singh,1089,1.07,IND,Maninder Sharma,513,0.50,944,0.93,1620,1.59,101713,IND,Sunder Lal,507,0.50,DSP,Kunvar Ranjan Singh,496,0.49,APP,Parminder Singh Kuki,378,0.37,JJJKP,Darshan Singh Daba,239,0.23,,,,,,,,,,,,,,,,,,,,,,,,,,,,,,,,,,,,
62,Atam Nagar,LIP,Simarjeet Singh Bains,53421,49.87,INC,Kamal Jit Singh Karwal,36508,34.08,16913,15.79,SAD,Gurmeet Singh Kular,14138,13.20,SAKP,Avtar Singh,685,0.64,SWP,Ravi Kumar Vaid,520,0.49,963,0.90,884,0.83,107119,IND,Shamsher Singh Grewal,219,0.20,IND,Ram Kishor Sharma,205,0.19,IND,Udham Singh Gill,183,0.17,IND,Rajesh Khokhar,144,0.13,NCP,Deepak,133,0.12,,,,,,,,,,,,,,,,,,,,,,,,,,,,,,,,
63,Ludhiana Central,INC,Surinder Kumar Dawar,47871,46.47,BJP,Gurdev Sharma Debi,27391,26.59,20480,19.88,LIP,Vipan Sood Kaka,25001,24.27,AITC,Sushil Kumar,638,0.62,DSP,Rajeev Kumar,552,0.54,1064,1.03,495,0.48,103012,BSP,Akhlesh Singh,495,0.48,,,,,,,,,,,,,,,,,,,,,,,,,,,,,,,,,,,,,,,,,,,,,,,,
64,Ludhiana West,INC,Bharat Bhushan (Ashu),66627,54.38,AAP,Ahbaab Singh Grewal,30106,24.57,36521,29.81,BJP,Kamal Chatly,22620,18.46,BSP,Kunal,456,0.37,NCP,Arun Kumar,272,0.22,1066,0.87,1368,1.12,122515,RPI(A),Jagroop Singh Karara,251,0.20,IND,Arshdeep Singh,247,0.20,IND,Baldev Raj Katna,211,0.17,IND,Navpreet Singh Bedi,199,0.16,APP,Balkaur Singh Gill,134,0.11,IND,Krishan Lal Babbar,109,0.09,LPSP,Ram Kumar,92,0.08,SWP,Mandeep Singh Dhaliwal,75,0.06,BMUP,Vaid Ram Singh Deepak,50,0.04,,,,,,,,,,,,,,,,
65,Ludhiana North,INC,Rakesh Pandey,44864,36.02,BJP,Parveen Bansal,39732,31.90,5132,4.12,LIP,Randhir Singh Sivia,20387,16.37,IND,Madan Lal Bagga,12136,9.74,IND,Hem Raj Aggarwal,3011,2.42,1307,1.05,3120,2.50,124557,BSP,Rajinder Kumar,1513,1.21,IND,Parveen Dang,624,0.50,J&KNPP,Jeet Sharma,339,0.27,IND,Rakesh Jain,245,0.20,SHS,Prem Bhushan Jain,204,0.16,BMUP,Joginder Lal,195,0.16,,,,,,,,,,,,,,,,,,,,,,,,,,,,
66,Gill (SC),INC,Kuldeep Singh Vaid(Bulara),67927,37.48,AAP,Jiwan Singh Sangowal,59286,32.71,8641,4.77,SAD,Darshan Singh Shivalik,46476,25.65,BSP,Bikker Singh,3455,1.91,IND,Kartinder Pal Singh,886,0.49,1647,0.91,1547,0.85,181224,IND,Kuldeep Singh,414,0.23,IND,Darshan Singh,406,0.22,APP,Sukhpreet Singh,376,0.21,BMUP,Harbans Singh,179,0.10,IND,Sunit,172,0.09,,,,,,,,,,,,,,,,,,,,,,,,,,,,,,,,
67,Payal (SC),INC,Lakhvir Singh Lakha,57776,43.95,AAP,Gurpreet Singh Lapran,36280,27.60,21496,16.35,SAD,Isher Singh Meharban,33044,25.14,SAD(A)(M),Gurvinder Singh,831,0.63,BSP,Dalbara Singh,618,0.47,702,0.53,2195,1.67,131446,DSP,Advocate Inderjit Singh,402,0.31,IND,Karan Kangra,363,0.28,APP,Captain Rampal Singh,347,0.26,AITC,Sandeep Singh,328,0.25,IND,Jagtar Singh,227,0.17,NCP,Kulwant Singh Cheema,186,0.14,IND,Samser Singh,186,0.14,IND,Prem Singh,156,0.12,,,,,,,,,,,,,,,,,,,,
68,Dakha,AAP,Harvinder Singh Phoolka,58923,40.28,SAD,Manpreet Singh Ayali,54754,37.43,4169,2.85,INC,Major Singh Bhaini,28571,19.53,DSP,Tarsem Jodhan,888,0.61,BSP,Jaswinder Singh,652,0.45,981,0.67,1518,1.04,146287,IND,Manpreet Singh Akali,564,0.39,SAD(A)(M),Joginder Singh,460,0.31,APP,Kulwant Singh,263,0.18,J&KNPP,Gursharan Singh Jassal,231,0.16,,,,,,,,,,,,,,,,,,,,,,,,,,,,,,,,,,,,
69,Raikot (SC),AAP,Jagtar Singh Jagga Hissowal,48245,40.93,INC,Amar Singh,37631,31.93,10614,9.01,SAD,Inder Iqbal Singh Atwal,29019,24.62,BSP,Surinder Singh,878,0.74,CPIM,Mota Singh,662,0.56,816,0.69,611,0.52,117862,IND,Daljit Singh,309,0.26,BMUP,Sikandar Singh,302,0.26,,,,,,,,,,,,,,,,,,,,,,,,,,,,,,,,,,,,,,,,,,,,
70,Jagraon (SC),AAP,Saravjit Kaur Manuke,61521,45.35,INC,Malkit Singh Dakha,35945,26.50,25576,18.85,SAD,Amarjit Kaur Sahoke,33295,24.54,IND,Avtar Singh Billa,1564,1.15,BSP,Subedar Sadhu Singh Tappar,591,0.44,996,0.73,1746,1.29,135658,CPIM,Baljit Singh,546,0.40,IND,Gurmit Singh,499,0.37,APP,Jasvir Singh,396,0.29,IND,Gurminder Kaur,305,0.22,,,,,,,,,,,,,,,,,,,,,,,,,,,,,,,,,,,,
71,Nihal Singh Wala (SC),AAP,Manjit Singh,67313,44.47,INC,Rajwinder Kaur,39739,26.25,27574,18.22,SAD,S.R. Kaler,34865,23.03,CPI,Mohinder Singh,4196,2.77,SAD(A)(M),Kubdeep Singh,987,0.65,1010,0.67,3263,2.16,151373,BSP,Kewal Singh,823,0.54,IND,Bharbhur Singh,609,0.40,IND,Manjit Kaur,563,0.37,DSP,Jarmanjit Singh,518,0.34,IND,Ranjeet Singh,379,0.25,IND,Karam Chand,371,0.25,,,,,,,,,,,,,,,,,,,,,,,,,,,,
72,Bhagha Purana,INC,Darshan Singh Brar,48668,35.25,AAP,Gurbinder Singh Kang,41418,30.00,7250,5.25,SAD,Tirath Singh Mahla,41283,29.90,IND,Parminder Singh,3931,2.85,BSP,Mander Singh,871,0.63,897,0.65,982,0.71,138050,NAIP,Nirmal Singh,610,0.44,OP,Sukhdev Raj,372,0.27,,,,,,,,,,,,,,,,,,,,,,,,,,,,,,,,,,,,,,,,,,,,
73,Moga,INC,Harjot Kamal Singh,52357,35.99,AAP,Ramesh Grover,50593,34.78,1764,1.21,SAD,Barjinder Singh Makhan Brar,36587,25.15,IND,Manjeet Singh Maan,1801,1.24,BSP,Kulwant Singh,858,0.59,785,0.54,2482,1.71,145463,AITC,Sandhura Singh Daulatpura,569,0.39,SHS,Amar Kumar,488,0.34,IND,Rekha Kapoor,389,0.27,IND,Bhupinder Kaur,348,0.24,IND,Paramjit,310,0.21,HSS,Shriram Danwal,202,0.14,IND,Jagtar Singh,176,0.12,,,,,,,,,,,,,,,,,,,,,,,,
74,Dharamkot,INC,Sukhjit Singh,63238,43.92,SAD,Tota Singh,41020,28.49,22218,15.43,AAP,Daljit Singh,34615,24.04,CPI,Surat Singh,1325,0.92,SAD(A)(M),Balraj Singh,1089,0.76,1009,0.70,1700,1.18,143996,BSP,Jagga Singh,456,0.32,IND,Vikas,312,0.22,IKL,Baljit Singh,291,0.20,APP,Sukhpal Singh,258,0.18,IND,Manjit Kaur,197,0.14,BMUP,Gurdeep Singh,186,0.13,,,,,,,,,,,,,,,,,,,,,,,,,,,,
75,Zira,INC,Kulbir Singh,69899,46.18,SAD,Hari Singh Zira,46828,30.94,23071,15.24,AAP,Gurpreet Singh,30947,20.44,SHS,Stephen Bhatti,665,0.44,BSP,Sukhwinder Singh,573,0.38,622,0.41,1839,1.21,151373,IND,Gurpreet Singh,502,0.33,IND,Dharminder Singh,345,0.23,IND,Gurpreet Singh,331,0.22,IND,Gurpreet Singh,198,0.13,IND,Kulbir Singh,195,0.13,IND,Kulbir Singh,147,0.10,IND,Kulbir Singh,121,0.08,,,,,,,,,,,,,,,,,,,,,,,,
76,Firozpur City,INC,Parminder Singh Pinki,67559,53.85,BJP,Sukhpal Singh,37972,30.27,29587,23.58,AAP,Narinder Singh,16202,12.92,BSP,Rakesh,796,0.63,SAD(A)(M),Tejinder Singh,470,0.37,934,0.74,1517,1.21,125450,IND,Rajinder,394,0.31,SHS,Mukesh Kumar,391,0.31,IND,Raj,310,0.25,IND,Mohinder Singh,176,0.14,IND,Parminder Singh,134,0.11,IND,Kashmir Singh,112,0.09,,,,,,,,,,,,,,,,,,,,,,,,,,,,
77,Firozpur Rural (SC),INC,Satkar Kaur,71037,45.33,SAD,Joginder Singh Jindu,49657,31.69,21380,13.64,AAP,Mohan Singh Phallian Wala,32011,20.43,IND,Joginder Singh,924,0.59,BSP,Puran,698,0.45,920,0.59,1465,0.93,156712,SAD(A)(M),Lal Singh Sulhani,498,0.32,IND,Amarjit Singh Gharu,276,0.18,SWP,Badal Singh,261,0.17,IND,Sunny Kumar,228,0.15,IND,Sajan,202,0.13,,,,,,,,,,,,,,,,,,,,,,,,,,,,,,,,
78,Guru Har Sahai,INC,Gurmeet Singh Sodhi,62787,45.73,SAD,Vardev Singh,56991,41.51,5796,4.22,AAP,Malkit Chand,14282,10.40,BSP,Gurmukh Singh,530,0.39,SAD(A)(M),Iqbal Singh,462,0.34,724,0.53,1522,1.11,137298,IND,Gurmit Singh,413,0.30,IND,Gurmeet Singh Sodhi,245,0.18,IND,Manoj Kumar,192,0.14,IND,Gurmit Singh,166,0.12,IKL,Harbhajan Singh,123,0.09,IND,Sham Lal,99,0.07,IND,Swaran Singh Alias Rocky,93,0.07,APP,Raj Kumar,65,0.05,IND,Sandeep Singh,64,0.05,SPP,Kulwant Singh,62,0.05,,,,,,,,,,,,
79,Jalalabad,SAD,Sukhbir Singh Badal,75271,44.53,AAP,Bhagwant Mann,56771,33.58,18500,10.94,INC,Ravneet Singh Bittu,31539,18.66,CPI,Surinder Singh,1743,1.03,IND,Balwinder Singh,653,0.39,1112,0.66,1960,1.16,169049,BSP,Malkit Singh,528,0.31,APP,Bakhshish Singh,366,0.22,IND,Mukhtiar Singh,351,0.21,SAD(A)(M),Gurmit Singh,350,0.21,IND,Swaran Singh Rocky,196,0.12,IND,Joginder Singh,169,0.10,,,,,,,,,,,,,,,,,,,,,,,,,,,,
80,Fazilka,INC,Davinder Singh Ghubaya,39276,27.45,BJP,Surjit Kumar Jyani,39011,27.27,265,0.19,IND,Rajdeep Kaur,38135,26.65,AAP,Samarbir Singh Sidhu,16404,11.47,APP,Kirti Choudhary,3892,2.72,669,0.47,5686,3.97,143073,IND,Ramesh Kataria,2321,1.62,IND,Vinod Kumar,639,0.45,BSP,Harjeet Singh,630,0.44,IND,Naginder Singh,511,0.36,IND,Rachna Kataria,383,0.27,IND,Surya Prakash,344,0.24,IKL,Gurjinder Singh,290,0.20,SAD(A)(M),Makhan Singh,227,0.16,IND,Arun,189,0.13,IND,Kashmir Singh,152,0.11,,,,,,,,,,,,
81,Abohar,BJP,Arun Narang,55091,44.03,INC,Sunil Jakhar,51812,41.41,3279,2.62,AAP,Atul Nagpal,13888,11.10,BSP,Prithi Raj,642,0.51,IND,Nathu Ram,614,0.49,1212,0.97,1870,1.49,125129,IND,Dilbag Singh,550,0.44,RMPI,Ram Kumar,414,0.33,IND,Gurjant Singh,335,0.27,IND,Ashok Kumar,298,0.24,IND,Shiv Lal Doda,165,0.13,IND,Amit Doda,108,0.09,,,,,,,,,,,,,,,,,,,,,,,,,,,,
82,Balluana (SC),INC,Nathu Ram,65607,45.96,SAD,Parkash Singh Bhatti,50158,35.14,15449,10.82,AAP,Simarjeet Singh,22464,15.74,AITC,Giri Raj Rajora,1072,0.75,BSP,Satish Kumar,888,0.62,1175,0.82,1372,0.96,142736,IND,Vinod Kumar,705,0.49,NAIP,Gurmail Singh,667,0.47,,,,,,,,,,,,,,,,,,,,,,,,,,,,,,,,,,,,,,,,,,,,
83,Lambi,SAD,Parkash Singh,66375,49.54,INC,Amarinder Singh,43605,32.54,22770,16.99,AAP,Jarnail Singh,21254,15.86,PLP,Gurmeet Singh Ranghreta,730,0.54,SAD(A)(M),Baljinder Singh,531,0.40,1101,0.82,391,0.29,133987,APP,Manmander Singh,391,0.29,,,,,,,,,,,,,,,,,,,,,,,,,,,,,,,,,,,,,,,,,,,,,,,,
84,Gidderbaha,INC,Amrinder Singh @ Raja Warring,63500,45.61,SAD,Hardeep Singh @ Dimpy Dhillon,47288,33.96,16212,11.64,AAP,Jagdeep Singh,25334,18.20,CPI,Jagrup Singh,840,0.60,BSP,Sheela Rani,582,0.42,885,0.64,798,0.57,139227,IND,Om Parkash,442,0.32,NAIP,Tek Singh,356,0.26,,,,,,,,,,,,,,,,,,,,,,,,,,,,,,,,,,,,,,,,,,,,
85,Malout (SC),INC,Ajaib Singh Bhatti,49098,36.05,SAD,Darshan Singh,44109,32.39,4989,3.66,AAP,Principal Baldev Singh,38663,28.39,CPI,Gurtej Singh,1130,0.83,BSP,Sukhdev Singh,1039,0.76,899,0.66,1256,0.92,136194,IND,Baldev Singh,864,0.63,IND,Resham Singh,392,0.29,,,,,,,,,,,,,,,,,,,,,,,,,,,,,,,,,,,,,,,,,,,,
86,Muktsar,SAD,Kanwarjit Singh,44894,30.52,INC,Karan Kaur,36914,25.10,7980,5.43,AAP,"Jagdeep Singh ""Kaka Brar""",33201,22.57,IND,Sukhdarshan Singh Mrar,28204,19.18,BSP,Ashok Kumar,741,0.50,858,0.58,2272,1.54,147084,IND,Baljit Singh,614,0.42,RMPI,Harjit Singh,586,0.40,IND,Ripendeep Kaur,450,0.31,IND,Alwinder Singh,426,0.29,APP,Rajesh Garg,196,0.13,,,,,,,,,,,,,,,,,,,,,,,,,,,,,,,,
87,Faridkot,INC,Kusaldeep Singh Kiki Dhillon,51026,40.36,AAP,Gurdit Singh Sekhon,39367,31.14,11659,9.22,SAD,Parambans Singh Bunty Romana,32612,25.80,BSP,Gurbax Singh Chauhan,1031,0.82,APP,Hardip Singh Kingra,456,0.36,759,0.60,1169,0.92,126420,IND,Bunty,374,0.30,DSP,Ravinder Pal Kaur,316,0.25,IND,Prem Singh Safri,271,0.21,IND,Dr. Jiwan Jot Kaur,208,0.16,,,,,,,,,,,,,,,,,,,,,,,,,,,,,,,,,,,,
88,Kotkapura,AAP,Kultar Singh Sandhwan,47401,38.76,INC,Bhai Harnirpal Singh Kukku,37326,30.52,10075,8.24,SAD,Mantar Singh Brar,33895,27.71,BSP,Avtar Krishan,1278,1.04,IND,Gurdeep Singh,585,0.48,674,0.55,1144,0.94,122303,APP,Surinder Kumar Dwivedi,524,0.43,NAIP,Jagroop Singh,342,0.28,IND,Ramesh Kumar,278,0.23,,,,,,,,,,,,,,,,,,,,,,,,,,,,,,,,,,,,,,,,
89,Jaitu (SC),AAP,Baldev Singh,45344,37.84,INC,Mohammad Sadique,35351,29.50,9993,8.34,SAD,Manjit Singh @ Suba Singh,33064,27.59,CPI,Balvir Singh,1298,1.08,BSP,Kikar Singh,1221,1.02,677,0.56,2889,2.41,119844,SAD(A)(M),Gurdeep Singh,785,0.66,APP,Harpal Singh,636,0.53,AITC,Avtar Singh Sahota,448,0.37,IND,Gurpreet Singh,387,0.32,RPI(A),Pyara Singh,337,0.28,IND,Jaswinder Singh,296,0.25,,,,,,,,,,,,,,,,,,,,,,,,,,,,
90,Rampura Phul,INC,Gurpreet Singh Kangar,55269,40.46,SAD,Sikander Singh Maluka,44884,32.86,10385,7.60,AAP,Manjit Singh Sidhu,32693,23.93,IND,Paramjit Singh Sidhu,666,0.49,BSP,Avtar Singh,648,0.47,445,0.33,2002,1.47,136607,IND,Manjit Singh,579,0.42,IND,Gurpreet Singh Mehraj,350,0.26,IND,Jaswant Singh Sidhu,347,0.25,IND,Sikander Singh,255,0.19,IND,Charan Singh,182,0.13,IND,Gurpreet Singh,84,0.06,IND,Karamjit Singh,77,0.06,IND,Gurpreet Singh,75,0.05,IND,Simarjit Singh,53,0.04,,,,,,,,,,,,,,,,
91,Bhucho Mandi (SC),INC,Pritam Singh Kotbhai,51605,34.04,AAP,Jagsir Singh,50960,33.61,645,0.43,SAD,Harpreet Singh,44025,29.04,IND,Kiranjit Singh Gehri,1775,1.17,BSP,Mumtaj,1137,0.75,711,0.47,1395,0.92,151608,AITC,Surinder Pal Somi Tungwalia,985,0.65,IND,Baldev Singh,410,0.27,,,,,,,,,,,,,,,,,,,,,,,,,,,,,,,,,,,,,,,,,,,,
92,Bathinda Urban,INC,Manpreet Singh Badal,63942,42.24,AAP,Deepak Bansal,45462,30.03,18480,12.21,SAD,Sarup Chand Singla,37177,24.56,BSP,Suresh Kumar,913,0.60,IND,Satish Kumar,526,0.35,1208,0.80,2164,1.43,151392,SHS,Parveen Hiteshi,418,0.28,BMUP,Sant Lal,382,0.25,IND,Bimla Rani,337,0.22,APP,Jatinder Roy Khattar,295,0.19,DSP,Gian Chand Bansal,258,0.17,HSS,Sukhchain Singh,212,0.14,SAD(A)(M),Harvinder Singh Harry,157,0.10,JJJKP,Hardeep Kumar Sharma,105,0.07,,,,,,,,,,,,,,,,,,,,
93,Bathinda Rural (SC),AAP,Rupinder Kaur Ruby,51572,40.58,SAD,Er. Amit Rattan Kotfatta,40794,32.10,10778,8.48,INC,Harvinder Singh Laddi,28939,22.77,BSP,Davinderpal Singh,1037,0.82,IND,Gursewak Singh,1035,0.81,1216,0.96,2484,1.95,127077,CPI,Surjeet Singh Sohi,909,0.72,APP,Jaswinder Singh Gill,740,0.58,AITC,Jagtar Singh,459,0.36,IND,Jagsir Singh,376,0.30,,,,,,,,,,,,,,,,,,,,,,,,,,,,,,,,,,,,
94,Talwandi Sabo,AAP,Prof. Baljinder Kaur,54553,42.48,INC,Khushbaz Singh Jatana,35260,27.46,19293,15.02,SAD,Jeetmohinder Singh Sidhu,34473,26.84,BSP,Harjinder Singh Mithan,1346,1.05,IND,Karamjit Singh,660,0.51,578,0.45,1556,1.21,128426,SAD(A)(M),Avtar Singh Chopra,596,0.46,IND,Baljinder Singh,355,0.28,IND,Darshan Singh,338,0.26,APP,Varinder Singh Dhillon,267,0.21,,,,,,,,,,,,,,,,,,,,,,,,,,,,,,,,,,,,
95,Maur,AAP,Jagdev Singh,62282,45.27,SAD,Janmeja Singh Sekhon,47605,34.60,14677,10.67,INC,Harminder Singh Jassi,23087,16.78,IND,Sukhraj Singh Natt,1938,1.41,CPI(ML)(L),Harvinder Singh,570,0.41,853,0.62,1258,0.91,137593,AITC,Taranpal Singh Dhillon,537,0.39,BSP,Dusahira Singh,436,0.32,APP,Harpal Singh,285,0.21,,,,,,,,,,,,,,,,,,,,,,,,,,,,,,,,,,,,,,,,
96,Mansa,AAP,Nazar Singh Manshahia,70586,40.49,INC,Manoj Bala,50117,28.75,20469,11.74,SAD,Jagdeep Singh Nakai,44232,25.37,CPI(ML)(L),Ranjit Singh Tamkot,3883,2.23,SAD(A)(M),Jaskaran Singh Kahan Singh Wala,1519,0.87,1253,0.72,2736,1.57,174326,BSP,Bhupinder Singh Birval,1385,0.79,IND,Anil Jony,879,0.50,APP,Mangu Singh,472,0.27,,,,,,,,,,,,,,,,,,,,,,,,,,,,,,,,,,,,,,,,
97,Sardulgarh,SAD,Dilraj Singh,59420,38.67,INC,Ajit Inder Singh,50563,32.91,8857,5.76,AAP,Sukhwinder Singh (Bhola Mann),38102,24.80,BSP,Jasveer Singh,1188,0.77,CPI(ML)(L),Surjit Singh,995,0.65,1062,0.69,2332,1.52,153662,RMPI,Lal Chand,836,0.54,AITC,Parminder Singh,646,0.42,APP,Jaswant Singh,434,0.28,SAD(A)(M),Rajinder Singh,416,0.27,,,,,,,,,,,,,,,,,,,,,,,,,,,,,,,,,,,,
98,Budhlada (SC),AAP,Budh Ram,52265,32.21,INC,Ranjit Kaur Bhatti,50989,31.43,1276,0.79,SAD,Nishan Singh,50477,31.11,CPI,Krishan Singh,1986,1.22,CPI(ML)(L),Bhagwant Singh Samao,1601,0.99,778,0.48,4148,2.56,162244,SAD(A)(M),Ranjit Singh,1383,0.85,BSP,Sher Singh,1074,0.66,IND,Kala Singh,651,0.40,APP,Kirpal Singh,549,0.34,AITC,Lachhman Singh Mal Singh Wala,491,0.30,,,,,,,,,,,,,,,,,,,,,,,,,,,,,,,,
99,Lehra,SAD,Parminder Singh Dhindsa,65550,47.43,INC,Rajinder Kaur Bhattal,38735,28.03,26815,19.40,AAP,Jasvir Singh,25089,18.15,BSP,Ram Dass,3284,2.38,IND,Sham Singh,1582,1.14,962,0.70,3002,2.17,138204,CPI,Satwant Singh,1201,0.87,DSP,Raj Kumar,688,0.50,IND,Baldev Singh,621,0.45,SAD(A)(M),Gian Singh,492,0.36,,,,,,,,,,,,,,,,,,,,,,,,,,,,,,,,,,,,
100,Dirba (SC),AAP,Harpal Singh Cheema,46434,31.88,INC,Ajaib Singh Ratolan,44789,30.75,1645,1.13,SAD,Gulzar Singh,44777,30.74,IND,Darshan Singh Sidhu,2875,1.97,BSP,Harwinder Singh,2081,1.43,1147,0.79,3567,2.45,145670,SAD(A)(M),Mandeep Singh,1779,1.22,CPI(ML)(L),Ghamand Singh,789,0.54,IND,Bikar Singh,630,0.43,APP,Jagtar Singh,369,0.25,,,,,,,,,,,,,,,,,,,,,,,,,,,,,,,,,,,,
101,Sunam,AAP,Aman Arora,72815,46.85,SAD,Gobind Singh Longowal,42508,27.35,30307,19.50,INC,Daaman Thind Bajwa,30518,19.64,IND,Rajinder Deepa,3237,2.08,SAD(A)(M),Sahbaj Singh Daska,1041,0.67,1718,1.11,3569,2.30,155406,IND,Labh Singh,927,0.60,CPIM,Jarnail Singh,911,0.59,BSP,Ram Singh,641,0.41,IND,Yadwinder Singh,375,0.24,IND,Binder Singh,322,0.21,IND,Paramjeet Kaur,203,0.13,APP,Randhir Singh,190,0.12,,,,,,,,,,,,,,,,,,,,,,,,
102,Bhadaur (SC),AAP,Pirmal Singh Dhaula,57095,44.85,SAD,Sant Balvir Singh Ghunas,36311,28.52,20784,16.33,INC,Joginder Singh,26615,20.91,SAD(A)(M),Paramjit Singh,2095,1.65,IND,Bagga Singh,1187,0.93,836,0.66,3159,2.48,127298,BSP,Karamjit Singh,941,0.74,CPI(ML)(L),Savaran Singh,628,0.49,IND,Rajinder Kaur Meemsa,527,0.41,IND,Gora Singh,468,0.37,CPI(ML)RS,Jagdeep Singh,376,0.30,APP,Gurmit Singh,219,0.17,,,,,,,,,,,,,,,,,,,,,,,,,,,,
103,Barnala,AAP,Gurmeet Singh Meet Haher,47606,35.49,INC,Kewal Singh Dhillon,45174,33.67,2432,1.81,SAD,Surinder Pal Singh Sibia,31111,23.19,SAD(A)(M),Simranjit Singh Mann,5061,3.77,BSP,Paramjit Kaur,2369,1.77,889,0.66,1942,1.45,134152,AITC,Gurkimat Singh,941,0.70,IND,Mahinder Singh,411,0.31,BMUP,Jaspal Singh,336,0.25,IVD,Raj Kumar,254,0.19,,,,,,,,,,,,,,,,,,,,,,,,,,,,,,,,,,,,
104,Mehal Kalan (SC),AAP,Kulwant Singh Pandori,57551,45.78,SAD,Ajit Singh Shant,30487,24.25,27064,21.53,INC,Harchand Kaur,25688,20.43,BSP,Makhan Singh,4922,3.92,IND,Gobind Singh,3183,2.53,924,0.74,2952,2.35,125707,CPI,Khusia Singh,1177,0.94,IND,Gurmail Singh,892,0.71,IND,Darbara Singh,341,0.27,APP,Gurmit Singh,306,0.24,BMUP,Sarabjit Singh,236,0.19,,,,,,,,,,,,,,,,,,,,,,,,,,,,,,,,
105,Malerkotla,INC,Razia Sultana,58982,46.72,SAD,Mohammad Owais,46280,36.66,12702,10.06,AAP,Mohamad Arshad,17635,13.97,BSP,Shamshad Ali,665,0.53,IUML,Mahmood Ahmed Thind,524,0.42,603,0.48,1566,1.24,126255,IND,Dharminder Singh,307,0.24,IND,Tanveer Ahmed,302,0.24,AITC,Parveen Nusrat,297,0.24,IND,Saiful Islam,267,0.21,IND,Mohd Mukarram Saify,203,0.16,NCP,Maksood Ul Hak,190,0.15,,,,,,,,,,,,,,,,,,,,,,,,,,,,
106,Amargarh,INC,Surjit Singh Dhiman,50994,38.76,SAD,Iqbal Singh Jhundan,39115,29.73,11879,9.03,LIP,Prof. Jaswant Singh Gajjanmajra,36063,27.41,CPI,Pritam Singh,696,0.53,IND,Devinder Kaur Chaunda,637,0.48,850,0.65,3198,2.43,131553,SAD(A)(M),Karnail Singh,600,0.46,DSP,Gurdarshan Singh,600,0.46,IND,Manjinder Singh,578,0.44,BSP,Tarsem Singh,534,0.41,IND,Kulwant Singh Mohali,349,0.27,IND,Haprinder Singh,286,0.22,IND,Amar Singh,251,0.19,,,,,,,,,,,,,,,,,,,,,,,,
107,Dhuri,INC,Dalvir Singh Goldy,49347,38.42,AAP,Jasvir Singh Jassi Sekhon,46536,36.24,2811,2.19,SAD,Hari Singh,28611,22.28,SAD(A)(M),Surjit Singh Kalabula,1405,1.09,BSP,Bhola Singh,1390,1.08,662,0.52,474,0.37,128425,IND,Tarsem Kumar,474,0.37,,,,,,,,,,,,,,,,,,,,,,,,,,,,,,,,,,,,,,,,,,,,,,,,
108,Sangrur,INC,Vijay Inder Singla,67310,47.14,AAP,Dinesh Bansal,36498,25.56,30812,21.58,SAD,Parkash Chand Garg,34510,24.17,SAD(A)(M),Gurnaib Singh,1863,1.30,BSP,Atma Singh,939,0.66,768,0.54,893,0.63,142781,IND,Manjeet Kaur,492,0.34,APP,Parminder Kaur,401,0.28,,,,,,,,,,,,,,,,,,,,,,,,,,,,,,,,,,,,,,,,,,,,
109,Nabha (SC),INC,Sadhu Singh,60861,42.73,AAP,Gurdev Singh Dev Mann,41866,29.39,18995,13.34,SAD,Kabir Dass,32482,22.81,IND,Jeet Ram,2689,1.89,CPI,Kashmir Singh,1409,0.99,1280,0.90,1845,1.30,142432,BSP,Jagtar Singh,716,0.50,APP,Jarnail Singh,612,0.43,IND,Ranjit Kaur Thuhi,517,0.36,,,,,,,,,,,,,,,,,,,,,,,,,,,,,,,,,,,,,,,,
110,Patiala Rural,INC,Brahm Mohindra,68891,46.97,AAP,Karanvir Singh Tiwana,41662,28.41,27229,18.57,SAD,Satbir Singh Khatra,30784,20.99,CPI,Uttam Singh Bagri,1125,0.77,BSP,Sukh Lal,1119,0.76,1009,0.69,2078,1.42,146668,APP,Shaminder Kaur,388,0.26,IND,Jasvir Kaur,297,0.20,IND,Resham Kahlon,280,0.19,IND,Jasbir Singh,273,0.19,BGTD,Ranjit Kaur,245,0.17,SHS,Shankar Bharadwaj,234,0.16,HSS,Bharatdeep Thakur,206,0.14,SAKP,Sohan Lal Sharma,155,0.11,,,,,,,,,,,,,,,,,,,,
111,Rajpura,INC,Hardial Singh Kamboj,59107,46.15,AAP,Ashutosh Joshi,26542,20.72,32565,25.43,BJP,Harjit Singh Grewal,19151,14.95,IND,Jagdish Kumar,15073,11.77,IND,Nirmaljit Singh,3939,3.08,1026,0.80,3235,2.53,128073,BSP,Ravinder Jain,1126,0.88,SAD(A)(M),Sobha Singh,684,0.53,IND,Mahesh Kumar,443,0.35,IND,Dalbir Singh,429,0.33,APP,Rajinder Kumar,282,0.22,JJJKP,Sher Singh,271,0.21,,,,,,,,,,,,,,,,,,,,,,,,,,,,
112,Dera Bassi,SAD,Narinder Kumar Sharma,70792,39.74,INC,Deepinder Singh,68871,38.66,1921,1.08,AAP,Sarabjit Kaur,33150,18.61,BSP,Gurmeet Singh,1268,0.71,SHS,Dharminder Kumar,892,0.50,1345,0.76,1822,1.02,178140,APP,Amrik Singh,562,0.32,IND,Vinod Kumar Sharma,473,0.27,SAKP,Manju Kaushal,449,0.25,IND,Maan Singh,338,0.19,,,,,,,,,,,,,,,,,,,,,,,,,,,,,,,,,,,,
113,Ghanaur,INC,Thekedar Madan Lal Jalalpur,65965,52.57,SAD,Harpreet Kaur Mukhmailpur,29408,23.44,36557,29.13,AAP,Anu Randhawa,23188,18.48,IND,Anupinder Kaur Sandhu,2833,2.26,BSP,Jagjeet Singh,1275,1.02,829,0.66,1981,1.58,125479,DSP,Gursewak Singh,1131,0.90,JJJKP,Baljit Singh,462,0.37,IND,Surinder Kaur,388,0.31,,,,,,,,,,,,,,,,,,,,,,,,,,,,,,,,,,,,,,,,
114,Sanour,SAD,Harinder Pal Singh Chandumajra,58867,35.72,INC,Harinder Pal Singh Mann,53997,32.77,4870,2.96,AAP,Kuldeep Kaur Tohra,33179,20.13,IND,Harmeet Singh Pathan Majra,11687,7.09,IND,Mohan Lal,1018,0.62,769,0.47,5274,3.20,164791,IND,Rajinder Singh Pawar,835,0.51,BSP,Gurpinder Singh Chhina,701,0.43,IND,Lakhwinder Singh Sanaur,650,0.39,IND,Puran Chand Vartia,468,0.28,SAD(A)(M),Bhupinder Singh Massingan,403,0.24,IND,Kuldip Kaur,360,0.22,SHS,Rajinder Singh,358,0.22,IND,Tarsem Singh Khatkar,339,0.21,CPIM,Ramesh Singh,317,0.19,IND,Gurpreet Singh,317,0.19,IND,Kulwant Kaur Bhunerheri,185,0.11,IND,Gurvinder Singh,181,0.11,BMUP,Gurmail Singh,160,0.10
115,Patiala,INC,Amarinder Singh,72586,68.29,AAP,Dr.Balbir Singh,20179,18.98,52407,49.30,SAD,Joginder Jaswant Singh,11677,10.99,HSS,Kshama Kant Pandey,291,0.27,IND,Sarbjit Singh,248,0.23,1090,1.03,227,0.21,106298,APP,Akshninder Singh,227,0.21,,,,,,,,,,,,,,,,,,,,,,,,,,,,,,,,,,,,,,,,,,,,,,,,
116,Samana,INC,Rajinder Singh,62551,41.92,SAD,Surjit Singh Rakhra,52702,35.32,9849,6.60,AAP,Jagtar Singh Rajla,28884,19.36,SAD(A)(M),Rajinder Singh,1854,1.24,BSP,Davinder Singh Dhiman,1084,0.73,1052,0.70,1099,0.74,149226,IND,Ajaib Singh Bathoi,501,0.34,IND,Rajinder Singh,348,0.23,IND,Jaspal Singh,250,0.17,,,,,,,,,,,,,,,,,,,,,,,,,,,,,,,,,,,,,,,,
117,Shutrana (SC),INC,Nirmal Singh,58008,41.84,SAD,Vaninder Kaur Loomba,39488,28.48,18520,13.36,AAP,Palwinder Kaur,32037,23.11,SAD(A)(M),Amarjit Singh,1671,1.21,IND,Bira Singh,1602,1.16,877,0.63,4956,3.57,138639,BSP,Sardeep Singh,1229,0.89,CPI,Naranjan Singh,896,0.65,IND,Parminder Singh,693,0.50,IND,Nirmal Singh,563,0.41,AITC,Baldev Ram,549,0.40,DSP,Kulwinder Singh,504,0.36,IND,Gurjant Singh,268,0.19,IND,Narinder,254,0.18,,,,,,,,,,,,,,,,,,,,